-- phpMyAdmin SQL Dump
-- version 4.8.5
-- https://www.phpmyadmin.net/
--
-- Host: localhost
-- Generation Time: 2021 年 5 月 10 日 22:12
-- サーバのバージョン： 5.5.62
-- PHP Version: 5.6.40

SET SQL_MODE = "NO_AUTO_VALUE_ON_ZERO";
SET AUTOCOMMIT = 0;
START TRANSACTION;
SET time_zone = "+00:00";


/*!40101 SET @OLD_CHARACTER_SET_CLIENT=@@CHARACTER_SET_CLIENT */;
/*!40101 SET @OLD_CHARACTER_SET_RESULTS=@@CHARACTER_SET_RESULTS */;
/*!40101 SET @OLD_COLLATION_CONNECTION=@@COLLATION_CONNECTION */;
/*!40101 SET NAMES utf8mb4 */;

--
-- Database: `codecamp43480`
--

-- --------------------------------------------------------

--
-- テーブルの構造 `access`
--

CREATE TABLE `access` (
  `access_datetime` datetime DEFAULT NULL COMMENT 'アクセス日時',
  `user_id` int(11) DEFAULT NULL COMMENT 'ユーザーID'
) ENGINE=InnoDB DEFAULT CHARSET=utf8;

--
-- テーブルのデータのダンプ `access`
--

INSERT INTO `access` (`access_datetime`, `user_id`) VALUES
('2017-01-22 00:11:41', 1),
('2017-01-22 01:33:24', 3),
('2017-01-22 04:51:23', 4),
('2017-01-22 12:33:21', 1),
('2017-01-22 20:40:13', 2),
('2017-01-23 03:29:34', 1),
('2017-01-23 16:31:36', 5),
('2017-01-24 08:29:57', 2),
('2017-01-24 11:38:29', 2),
('2017-01-24 13:59:18', 1),
('2017-01-24 20:38:27', 3),
('2017-01-24 23:25:11', 3);

-- --------------------------------------------------------

--
-- テーブルの構造 `carts`
--

CREATE TABLE `carts` (
  `carts_id` int(11) NOT NULL,
  `user_id` int(11) DEFAULT '0',
  `id` int(11) DEFAULT '0',
  `amount` int(11) DEFAULT NULL,
  `createtime` datetime DEFAULT NULL,
  `updatetime` datetime DEFAULT NULL
) ENGINE=InnoDB DEFAULT CHARSET=utf8;

-- --------------------------------------------------------

--
-- テーブルの構造 `customers`
--

CREATE TABLE `customers` (
  `customer_id` int(11) NOT NULL,
  `customer_name` varchar(100) DEFAULT NULL,
  `phone_number` varchar(11) DEFAULT NULL
) ENGINE=InnoDB DEFAULT CHARSET=utf8;

--
-- テーブルのデータのダンプ `customers`
--

INSERT INTO `customers` (`customer_id`, `customer_name`, `phone_number`) VALUES
(1, '佐藤一郎', '0345670000'),
(2, '鈴木誠', '09099991111'),
(3, '山田葵', '0378902222');

-- --------------------------------------------------------

--
-- テーブルの構造 `drink_history`
--

CREATE TABLE `drink_history` (
  `history_id` int(11) NOT NULL,
  `drink_id` int(11) DEFAULT NULL,
  `create_datetime` datetime DEFAULT NULL
) ENGINE=InnoDB DEFAULT CHARSET=utf8;

--
-- テーブルのデータのダンプ `drink_history`
--

INSERT INTO `drink_history` (`history_id`, `drink_id`, `create_datetime`) VALUES
(1, 2, '2021-03-14 19:31:10'),
(2, 2, '2021-03-14 20:00:14'),
(3, 1, '2021-03-16 15:54:26'),
(4, 1, '2021-03-16 15:54:50'),
(5, 6, '2021-03-16 16:00:12');

-- --------------------------------------------------------

--
-- テーブルの構造 `drink_master`
--

CREATE TABLE `drink_master` (
  `drink_id` int(11) NOT NULL,
  `drink_name` varchar(100) NOT NULL,
  `price` int(11) NOT NULL,
  `img` varchar(100) NOT NULL,
  `status` int(11) NOT NULL,
  `create_datetime` datetime NOT NULL,
  `update_datetime` datetime NOT NULL
) ENGINE=InnoDB DEFAULT CHARSET=utf8;

--
-- テーブルのデータのダンプ `drink_master`
--

INSERT INTO `drink_master` (`drink_id`, `drink_name`, `price`, `img`, `status`, `create_datetime`, `update_datetime`) VALUES
(1, 'コーラ', 200, '2dc65d53343cbf35b308db5c9a5d7d061f356ae5.png', 1, '2021-03-11 20:08:18', '2021-03-16 15:54:32'),
(2, 'ジュース', 190, '9e72a8c92e8104ca1bda7f95ee1a40049a6dea15.png', 1, '2021-03-11 21:08:13', '2021-03-16 15:48:40'),
(5, 'アイスコーヒー', 250, 'bd55c7804fc8ad79b467b605dfce5b99b97acd1e.png', 1, '2021-03-11 21:12:17', '2021-03-11 21:33:38'),
(6, '100%ジュース', 200, '78c1879d3ef1b913ee58c51c5c01383ed02fa363.jpg', 0, '2021-03-16 15:58:39', '2021-03-17 16:28:00');

-- --------------------------------------------------------

--
-- テーブルの構造 `drink_stock`
--

CREATE TABLE `drink_stock` (
  `drink_id` int(11) NOT NULL DEFAULT '0',
  `stock` int(11) DEFAULT NULL,
  `create_datetime` datetime DEFAULT NULL,
  `update_datetime` datetime DEFAULT NULL
) ENGINE=InnoDB DEFAULT CHARSET=utf8;

--
-- テーブルのデータのダンプ `drink_stock`
--

INSERT INTO `drink_stock` (`drink_id`, `stock`, `create_datetime`, `update_datetime`) VALUES
(1, 48, '2021-03-11 20:08:18', '2021-03-17 16:46:43'),
(2, 21, '2021-03-11 21:08:13', '2021-03-14 20:00:14'),
(5, 23, '2021-03-11 21:12:17', '2021-03-11 21:21:29'),
(6, 100, '2021-03-16 15:58:39', '2021-03-17 16:27:58');

-- --------------------------------------------------------

--
-- テーブルの構造 `employees`
--

CREATE TABLE `employees` (
  `id` int(11) DEFAULT NULL,
  `name` varchar(100) DEFAULT NULL,
  `age` int(11) DEFAULT NULL,
  `post` varchar(10) DEFAULT NULL,
  `salary` int(11) DEFAULT NULL
) ENGINE=InnoDB DEFAULT CHARSET=utf8;

--
-- テーブルのデータのダンプ `employees`
--

INSERT INTO `employees` (`id`, `name`, `age`, `post`, `salary`) VALUES
(1, '社員A', 24, '一般', 3600000),
(2, '社員B', 27, '一般', 3800000),
(3, '社員C', 26, '一般', 3700000),
(4, '社員D', 32, '係長', 3900000),
(5, '社員E', 33, '係長', 4000000),
(6, '社員F', 38, '課長', 4300000),
(7, '社員G', 52, '部長', 5200000),
(8, '社員H', 46, '社長', 9000000);

-- --------------------------------------------------------

--
-- テーブルの構造 `items`
--

CREATE TABLE `items` (
  `id` int(11) NOT NULL,
  `name` varchar(100) DEFAULT NULL,
  `price` int(11) DEFAULT '0',
  `img` varchar(100) DEFAULT NULL,
  `status` int(11) DEFAULT '0',
  `type` int(11) DEFAULT '1',
  `comment` varchar(1000) DEFAULT NULL,
  `createdate` datetime DEFAULT NULL,
  `updatedate` datetime DEFAULT NULL
) ENGINE=InnoDB DEFAULT CHARSET=utf8;

--
-- テーブルのデータのダンプ `items`
--

INSERT INTO `items` (`id`, `name`, `price`, `img`, `status`, `type`, `comment`, `createdate`, `updatedate`) VALUES
(1, 'GTウィング　RACING SPEC', 130000, '753c7074d78d6ca0e513b8f45bf6d4eff083627a.jpg', 1, 1, '競技用車両用に開発されたGTウィングです。炭素繊維強化プラスチック（CARBON）', '2021-03-23 13:31:28', '2021-04-04 10:15:31'),
(6, '5速クロスミッション', 320000, '73b2b2ff7b25ebb0d65dd2a7887e28442b709585.jpg', 1, 2, '１〜５速までのギア比間を狭めて、シフトアップの際の、ギア比ロスを軽減する事で、 常にパワーバンド域を外さないギア比を設定しています。 リーガル開催クラスのサーキットをターゲットを標準に合わせて設定しております。', '2021-03-23 13:34:31', '2021-03-25 09:28:50'),
(9, 'フロントバンパー', 88000, '09b52e287c9ea93de97972331f1041c455c2d3e5.jpg', 1, 1, 'レーシングスペック専用フロントバンパーです。', '2021-03-23 13:43:11', '2021-03-23 13:43:11'),
(10, 'LEDテールランプ', 38500, '4223029b218ea61961d398bb809a66f21531b392.jpg', 1, 1, 'LED点灯タイプ、※交換に関しては、整備マニュアルに基づいて交換作業をして下さい。※バック球は純正バルブを使用して下さい', '2021-03-23 13:45:33', '2021-03-23 13:45:43'),
(11, 'ツッパリトランク', 51000, '43722a3ea5795e51a38b65a0fa5a85879c6c94ed.jpg', 1, 1, 'Designは、名の由来の通り、車輌後方に向かって突っ張って跳ね上がる形状です。純正と交換する事で軽量化する事ができます。装着する事で、最高速が３〜５Km程度アップします。', '2021-03-23 13:47:09', '2021-03-23 13:47:09'),
(12, 'エキゾーストマニホールド', 109000, '435624a3b0e7d157b8932346cf8993b0df2e2e81.jpg', 1, 2, 'パイプ長を極力長く設計する事で、中低速域のトルクを安定させ、力強い加速を実現しました。また溶接加工も熟練の溶接経験者のみが制作しておりますので、仕上がりも抜群です。', '2021-03-23 13:48:50', '2021-03-23 13:48:50'),
(13, '強化ドライブシャフト', 27280, '0c275b14d12baf8fa37e0a9337127f35c3910853.jpg', 1, 2, '強度は純正比約1.48倍の強度を誇ります。競技デフ専用の強化ドライブシャフトです。', '2021-03-23 13:58:06', '2021-03-29 20:19:31'),
(14, '<h1>テスト</h1>', 100, '945cb7231753d49d9b52e6338730c21d20618cbd.png', 1, 1, 'test', '2021-04-04 10:18:49', '2021-04-04 10:19:01');

-- --------------------------------------------------------

--
-- テーブルの構造 `items_stock`
--

CREATE TABLE `items_stock` (
  `stock_id` int(11) NOT NULL,
  `id` int(11) NOT NULL DEFAULT '0',
  `stock` int(11) DEFAULT NULL,
  `createdate` datetime DEFAULT NULL,
  `updatedate` datetime DEFAULT NULL
) ENGINE=InnoDB DEFAULT CHARSET=utf8;

--
-- テーブルのデータのダンプ `items_stock`
--

INSERT INTO `items_stock` (`stock_id`, `id`, `stock`, `createdate`, `updatedate`) VALUES
(1, 1, 496, '2021-03-23 13:31:28', '2021-04-04 10:14:57'),
(2, 6, 222, '2021-03-23 13:34:31', '2021-04-02 21:44:38'),
(5, 9, 104, '2021-03-23 13:43:11', '2021-04-04 10:13:27'),
(6, 10, 30, '2021-03-23 13:45:33', '2021-03-23 13:45:33'),
(7, 11, 30, '2021-03-23 13:47:09', '2021-03-23 13:47:09'),
(8, 12, 22, '2021-03-23 13:48:50', '2021-04-02 23:43:37'),
(9, 13, 0, '2021-03-23 13:58:06', '2021-03-31 08:37:11'),
(10, 14, 100, '2021-04-04 10:18:49', '2021-04-04 10:18:49');

-- --------------------------------------------------------

--
-- テーブルの構造 `orders`
--

CREATE TABLE `orders` (
  `order_id` int(11) NOT NULL,
  `customer_id` int(11) DEFAULT NULL,
  `order_date` datetime DEFAULT NULL
) ENGINE=InnoDB DEFAULT CHARSET=utf8;

--
-- テーブルのデータのダンプ `orders`
--

INSERT INTO `orders` (`order_id`, `customer_id`, `order_date`) VALUES
(1, 1, '2017-10-01 10:22:30'),
(2, 2, '2017-10-01 18:51:06'),
(3, 3, '2017-10-02 09:14:35'),
(4, 1, '2017-10-03 11:00:57');

-- --------------------------------------------------------

--
-- テーブルの構造 `order_details`
--

CREATE TABLE `order_details` (
  `order_id` int(11) DEFAULT NULL,
  `product_id` int(11) DEFAULT NULL,
  `quantity` int(11) DEFAULT '0'
) ENGINE=InnoDB DEFAULT CHARSET=utf8;

--
-- テーブルのデータのダンプ `order_details`
--

INSERT INTO `order_details` (`order_id`, `product_id`, `quantity`) VALUES
(1, 1, 3),
(1, 5, 3),
(2, 2, 1),
(3, 1, 10),
(3, 4, 10),
(4, 1, 5);

-- --------------------------------------------------------

--
-- テーブルの構造 `post`
--

CREATE TABLE `post` (
  `id` int(11) NOT NULL,
  `user_name` varchar(100) NOT NULL,
  `user_comment` varchar(100) NOT NULL,
  `date` datetime NOT NULL
) ENGINE=InnoDB DEFAULT CHARSET=utf8;

--
-- テーブルのデータのダンプ `post`
--

INSERT INTO `post` (`id`, `user_name`, `user_comment`, `date`) VALUES
(1, 'dfasfa', 'fasdfadf', '2021-02-19 20:11:01'),
(2, 'aaa', 'bbb', '2021-02-19 20:13:55'),
(3, 'bbb', 'ccc', '2021-02-19 20:14:13'),
(4, 'aaa', 'bbb', '2021-02-19 20:15:53'),
(5, 'aaa', 'bbb', '2021-02-19 20:16:19'),
(6, 'aaa', 'bbb', '2021-02-19 20:17:59'),
(7, 'aaa', 'bbb', '2021-02-19 20:18:33'),
(8, 'aaa', 'bbb', '2021-02-19 20:19:18'),
(9, 'aaa', 'bbb', '2021-02-19 20:30:11'),
(10, '田中', 'こんにちは', '2021-02-19 20:30:19'),
(11, '111', '1111', '2021-02-19 21:08:21'),
(12, '', '', '2021-02-21 12:05:37'),
(13, '', '', '2021-02-21 12:05:44'),
(14, '', '', '2021-02-21 12:05:44'),
(15, '', '', '2021-02-21 12:19:28'),
(16, '11', '111', '2021-02-21 12:25:38'),
(17, '2222', '3333', '2021-02-21 12:41:27'),
(18, '2222', '3333', '2021-02-21 12:41:35'),
(19, '2222', '3333', '2021-02-21 12:41:46'),
(20, '222', '22222', '2021-02-21 12:43:43'),
(21, '222', '22222', '2021-02-21 12:45:54'),
(22, '232323244', '1333333', '2021-02-21 12:46:00'),
(23, '１１', '１１１', '2021-02-24 22:26:41'),
(24, 'dfasfa', 'fasdfadf', '2021-02-28 12:09:12'),
(25, '222', '2222', '2021-03-08 20:14:15'),
(26, '222', '2222', '2021-03-08 20:14:58'),
(27, '222', 'fasdfadf', '2021-03-08 20:15:03'),
(28, '3333', '22222222', '2021-03-08 20:15:20'),
(29, '222', '1111', '2021-03-08 20:16:08'),
(30, 'aaa', 'bbb', '2021-03-08 20:33:05'),
(31, 'bbb', 'bbb', '2021-03-08 20:37:33');

-- --------------------------------------------------------

--
-- テーブルの構造 `postlist`
--

CREATE TABLE `postlist` (
  `COL 1` int(5) DEFAULT NULL,
  `COL 2` varchar(5) DEFAULT NULL,
  `COL 3` int(7) DEFAULT NULL,
  `COL 4` varchar(6) DEFAULT NULL,
  `COL 5` varchar(18) DEFAULT NULL,
  `COL 6` varchar(26) DEFAULT NULL,
  `COL 7` varchar(3) DEFAULT NULL,
  `COL 8` varchar(9) DEFAULT NULL,
  `COL 9` varchar(15) DEFAULT NULL,
  `COL 10` int(1) DEFAULT NULL,
  `COL 11` int(1) DEFAULT NULL,
  `COL 12` int(1) DEFAULT NULL,
  `COL 13` int(1) DEFAULT NULL,
  `COL 14` int(1) DEFAULT NULL,
  `COL 15` int(1) DEFAULT NULL
) ENGINE=InnoDB DEFAULT CHARSET=utf8;

--
-- テーブルのデータのダンプ `postlist`
--

INSERT INTO `postlist` (`COL 1`, `COL 2`, `COL 3`, `COL 4`, `COL 5`, `COL 6`, `COL 7`, `COL 8`, `COL 9`, `COL 10`, `COL 11`, `COL 12`, `COL 13`, `COL 14`, `COL 15`) VALUES
(37201, '760  ', 7600000, 'ｶｶﾞﾜｹﾝ', 'ﾀｶﾏﾂｼ', 'ｲｶﾆｹｲｻｲｶﾞﾅｲﾊﾞｱｲ', '香川県', '高松市', '以下に掲載がない場合', 0, 0, 0, 0, 0, 0),
(37201, '760  ', 7600002, 'ｶｶﾞﾜｹﾝ', 'ﾀｶﾏﾂｼ', 'ｱｶﾈﾁｮｳ', '香川県', '高松市', '茜町', 0, 0, 0, 0, 0, 0),
(37201, '760  ', 7600064, 'ｶｶﾞﾜｹﾝ', 'ﾀｶﾏﾂｼ', 'ｱｻﾋｼﾝﾏﾁ', '香川県', '高松市', '朝日新町', 0, 0, 0, 0, 0, 0),
(37201, '760  ', 7600065, 'ｶｶﾞﾜｹﾝ', 'ﾀｶﾏﾂｼ', 'ｱｻﾋﾏﾁ', '香川県', '高松市', '朝日町', 0, 0, 1, 0, 0, 0),
(37201, '76101', 7610130, 'ｶｶﾞﾜｹﾝ', 'ﾀｶﾏﾂｼ', 'ｱｼﾞﾁｮｳ', '香川県', '高松市', '庵治町', 0, 0, 0, 0, 0, 0),
(37201, '761  ', 7618033, 'ｶｶﾞﾜｹﾝ', 'ﾀｶﾏﾂｼ', 'ｲｲﾀﾞﾁｮｳ', '香川県', '高松市', '飯田町', 0, 0, 0, 0, 0, 0),
(37201, '761  ', 7618002, 'ｶｶﾞﾜｹﾝ', 'ﾀｶﾏﾂｼ', 'ｲｸｼﾏﾁｮｳ', '香川県', '高松市', '生島町', 0, 0, 0, 0, 0, 0),
(37201, '760  ', 7600038, 'ｶｶﾞﾜｹﾝ', 'ﾀｶﾏﾂｼ', 'ｲｸﾞﾁﾏﾁ', '香川県', '高松市', '井口町', 0, 0, 0, 0, 0, 0),
(37201, '76104', 7610444, 'ｶｶﾞﾜｹﾝ', 'ﾀｶﾏﾂｼ', 'ｲｹﾀﾞﾁｮｳ', '香川県', '高松市', '池田町', 0, 0, 0, 0, 0, 0),
(37201, '761  ', 7618084, 'ｶｶﾞﾜｹﾝ', 'ﾀｶﾏﾂｼ', 'ｲﾁﾉﾐﾔﾁｮｳ', '香川県', '高松市', '一宮町', 0, 0, 0, 0, 0, 0),
(37201, '760  ', 7600078, 'ｶｶﾞﾜｹﾝ', 'ﾀｶﾏﾂｼ', 'ｲﾏｻﾞﾄﾁｮｳ', '香川県', '高松市', '今里町', 0, 0, 1, 0, 0, 0),
(37201, '760  ', 7600043, 'ｶｶﾞﾜｹﾝ', 'ﾀｶﾏﾂｼ', 'ｲﾏｼﾞﾝﾏﾁ', '香川県', '高松市', '今新町', 0, 0, 0, 0, 0, 0),
(37201, '761  ', 7618005, 'ｶｶﾞﾜｹﾝ', 'ﾀｶﾏﾂｼ', 'ｳｴﾏﾂﾁｮｳ', '香川県', '高松市', '植松町', 0, 0, 0, 0, 0, 0),
(37201, '760  ', 7600034, 'ｶｶﾞﾜｹﾝ', 'ﾀｶﾏﾂｼ', 'ｳﾁﾏﾁ', '香川県', '高松市', '内町', 0, 0, 0, 0, 0, 0),
(37201, '761  ', 7618044, 'ｶｶﾞﾜｹﾝ', 'ﾀｶﾏﾂｼ', 'ｴﾝｻﾞﾁｮｳ', '香川県', '高松市', '円座町', 0, 0, 0, 0, 0, 0),
(37201, '760  ', 7600013, 'ｶｶﾞﾜｹﾝ', 'ﾀｶﾏﾂｼ', 'ｵｳｷﾞﾏﾁ', '香川県', '高松市', '扇町', 0, 0, 1, 0, 0, 0),
(37201, '761  ', 7618074, 'ｶｶﾞﾜｹﾝ', 'ﾀｶﾏﾂｼ', 'ｵｵﾀｶﾐﾏﾁ', '香川県', '高松市', '太田上町', 0, 0, 0, 0, 0, 0),
(37201, '761  ', 7618073, 'ｶｶﾞﾜｹﾝ', 'ﾀｶﾏﾂｼ', 'ｵｵﾀｼﾓﾏﾁ', '香川県', '高松市', '太田下町', 0, 0, 0, 0, 0, 0),
(37201, '761  ', 7618047, 'ｶｶﾞﾜｹﾝ', 'ﾀｶﾏﾂｼ', 'ｵｶﾓﾄﾁｮｳ', '香川県', '高松市', '岡本町', 0, 0, 0, 0, 0, 0),
(37201, '760  ', 7600091, 'ｶｶﾞﾜｹﾝ', 'ﾀｶﾏﾂｼ', 'ｵｷﾞﾁｮｳ', '香川県', '高松市', '男木町', 0, 0, 0, 0, 0, 0),
(37201, '76104', 7610431, 'ｶｶﾞﾜｹﾝ', 'ﾀｶﾏﾂｼ', 'ｵﾓﾚﾁｮｳ', '香川県', '高松市', '小村町', 0, 0, 0, 0, 0, 0),
(37201, '76117', 7611703, 'ｶｶﾞﾜｹﾝ', 'ﾀｶﾏﾂｼ', 'ｶｶﾞﾜﾁｮｳｱｻﾉ', '香川県', '高松市', '香川町浅野', 0, 0, 0, 0, 0, 0),
(37201, '76117', 7611701, 'ｶｶﾞﾜｹﾝ', 'ﾀｶﾏﾂｼ', 'ｶｶﾞﾜﾁｮｳｵｵﾉ', '香川県', '高松市', '香川町大野', 0, 0, 0, 0, 0, 0),
(37201, '76117', 7611704, 'ｶｶﾞﾜｹﾝ', 'ﾀｶﾏﾂｼ', 'ｶｶﾞﾜﾁｮｳｶﾜﾅｲﾊﾗ', '香川県', '高松市', '香川町川内原', 0, 0, 0, 0, 0, 0),
(37201, '76117', 7611706, 'ｶｶﾞﾜｹﾝ', 'ﾀｶﾏﾂｼ', 'ｶｶﾞﾜﾁｮｳｶﾜﾋｶﾞｼｶﾐ', '香川県', '高松市', '香川町川東上', 0, 0, 0, 0, 0, 0),
(37201, '76117', 7611705, 'ｶｶﾞﾜｹﾝ', 'ﾀｶﾏﾂｼ', 'ｶｶﾞﾜﾁｮｳｶﾜﾋｶﾞｼｼﾓ', '香川県', '高松市', '香川町川東下', 0, 0, 0, 0, 0, 0),
(37201, '76117', 7611702, 'ｶｶﾞﾜｹﾝ', 'ﾀｶﾏﾂｼ', 'ｶｶﾞﾜﾁｮｳﾃﾗｲ', '香川県', '高松市', '香川町寺井', 0, 0, 0, 0, 0, 0),
(37201, '76117', 7611707, 'ｶｶﾞﾜｹﾝ', 'ﾀｶﾏﾂｼ', 'ｶｶﾞﾜﾁｮｳﾋｶﾞｼﾀﾆ', '香川県', '高松市', '香川町東谷', 0, 0, 0, 0, 0, 0),
(37201, '76117', 7611708, 'ｶｶﾞﾜｹﾝ', 'ﾀｶﾏﾂｼ', 'ｶｶﾞﾜﾁｮｳﾔｽﾊﾗｼﾓ', '香川県', '高松市', '香川町安原下', 0, 0, 0, 0, 0, 0),
(37201, '760  ', 7600028, 'ｶｶﾞﾜｹﾝ', 'ﾀｶﾏﾂｼ', 'ｶｼﾞﾔﾏﾁ', '香川県', '高松市', '鍛冶屋町', 0, 0, 0, 0, 0, 0),
(37201, '76101', 7610101, 'ｶｶﾞﾜｹﾝ', 'ﾀｶﾏﾂｼ', 'ｶｽｶﾞﾁｮｳ', '香川県', '高松市', '春日町', 0, 0, 0, 0, 0, 0),
(37201, '760  ', 7600040, 'ｶｶﾞﾜｹﾝ', 'ﾀｶﾏﾂｼ', 'ｶﾀﾊﾗﾏﾁ', '香川県', '高松市', '片原町', 0, 0, 0, 0, 0, 0),
(37201, '761  ', 7618082, 'ｶｶﾞﾜｹﾝ', 'ﾀｶﾏﾂｼ', 'ｶﾉﾂﾉﾁｮｳ', '香川県', '高松市', '鹿角町', 0, 0, 0, 0, 0, 0),
(37201, '761  ', 7618056, 'ｶｶﾞﾜｹﾝ', 'ﾀｶﾏﾂｼ', 'ｶﾐﾃﾝｼﾞﾝﾁｮｳ', '香川県', '高松市', '上天神町', 0, 0, 0, 0, 0, 0),
(37201, '761  ', 7618064, 'ｶｶﾞﾜｹﾝ', 'ﾀｶﾏﾂｼ', 'ｶﾐﾉﾁｮｳ', '香川県', '高松市', '上之町', 0, 0, 1, 0, 0, 0),
(37201, '76103', 7610302, 'ｶｶﾞﾜｹﾝ', 'ﾀｶﾏﾂｼ', 'ｶﾐﾊﾔｼﾁｮｳ', '香川県', '高松市', '上林町', 0, 0, 0, 0, 0, 0),
(37201, '760  ', 7600077, 'ｶｶﾞﾜｹﾝ', 'ﾀｶﾏﾂｼ', 'ｶﾐﾌｸｵｶﾁｮｳ', '香川県', '高松市', '上福岡町', 0, 0, 0, 0, 0, 0),
(37201, '761  ', 7618055, 'ｶｶﾞﾜｹﾝ', 'ﾀｶﾏﾂｼ', 'ｶﾐﾏﾁ', '香川県', '高松市', '紙町', 0, 0, 0, 0, 0, 0),
(37201, '760  ', 7600050, 'ｶｶﾞﾜｹﾝ', 'ﾀｶﾏﾂｼ', 'ｶﾒｲﾁｮｳ', '香川県', '高松市', '亀井町', 0, 0, 0, 0, 0, 0),
(37201, '760  ', 7600006, 'ｶｶﾞﾜｹﾝ', 'ﾀｶﾏﾂｼ', 'ｶﾒｵｶﾁｮｳ', '香川県', '高松市', '亀岡町', 0, 0, 0, 0, 0, 0),
(37201, '76103', 7610323, 'ｶｶﾞﾜｹﾝ', 'ﾀｶﾏﾂｼ', 'ｶﾒﾀﾞﾁｮｳ', '香川県', '高松市', '亀田町', 0, 0, 0, 0, 0, 0),
(37201, '76104', 7610432, 'ｶｶﾞﾜｹﾝ', 'ﾀｶﾏﾂｼ', 'ｶﾒﾀﾞﾐﾅﾐﾏﾁ', '香川県', '高松市', '亀田南町', 0, 0, 0, 0, 0, 0),
(37201, '76104', 7610443, 'ｶｶﾞﾜｹﾝ', 'ﾀｶﾏﾂｼ', 'ｶﾜｼﾏﾋｶﾞｼﾏﾁ', '香川県', '高松市', '川島東町', 0, 0, 0, 0, 0, 0),
(37201, '76104', 7610442, 'ｶｶﾞﾜｹﾝ', 'ﾀｶﾏﾂｼ', 'ｶﾜｼﾏﾎﾝﾏﾁ', '香川県', '高松市', '川島本町', 0, 0, 0, 0, 0, 0),
(37201, '761  ', 7618046, 'ｶｶﾞﾜｹﾝ', 'ﾀｶﾏﾂｼ', 'ｶﾜﾅﾍﾞﾁｮｳ', '香川県', '高松市', '川部町', 0, 0, 0, 0, 0, 0),
(37201, '760  ', 7600052, 'ｶｶﾞﾜｹﾝ', 'ﾀｶﾏﾂｼ', 'ｶﾜﾗﾏﾁ', '香川県', '高松市', '瓦町', 0, 0, 1, 0, 0, 0),
(37201, '760  ', 7600076, 'ｶｶﾞﾜｹﾝ', 'ﾀｶﾏﾂｼ', 'ｶﾝｺｳﾁｮｳ', '香川県', '高松市', '観光町', 0, 0, 0, 0, 0, 0),
(37201, '760  ', 7600055, 'ｶｶﾞﾜｹﾝ', 'ﾀｶﾏﾂｼ', 'ｶﾝｺｳﾄﾞｵﾘ', '香川県', '高松市', '観光通', 0, 0, 1, 0, 0, 0),
(37201, '760  ', 7600080, 'ｶｶﾞﾜｹﾝ', 'ﾀｶﾏﾂｼ', 'ｷﾀﾁｮｳ', '香川県', '高松市', '木太町', 0, 0, 0, 0, 0, 0),
(37201, '760  ', 7600031, 'ｶｶﾞﾜｹﾝ', 'ﾀｶﾏﾂｼ', 'ｷﾀﾊﾏﾁｮｳ', '香川県', '高松市', '北浜町', 0, 0, 0, 0, 0, 0),
(37201, '761  ', 7618026, 'ｶｶﾞﾜｹﾝ', 'ﾀｶﾏﾂｼ', 'ｷﾅｼﾁｮｳｷﾅｼ', '香川県', '高松市', '鬼無町鬼無', 0, 0, 0, 0, 0, 0),
(37201, '761  ', 7618021, 'ｶｶﾞﾜｹﾝ', 'ﾀｶﾏﾂｼ', 'ｷﾅｼﾁｮｳｺﾚﾀｹ', '香川県', '高松市', '鬼無町是竹', 0, 0, 0, 0, 0, 0),
(37201, '761  ', 7618023, 'ｶｶﾞﾜｹﾝ', 'ﾀｶﾏﾂｼ', 'ｷﾅｼﾁｮｳｻﾄｳ', '香川県', '高松市', '鬼無町佐藤', 0, 0, 0, 0, 0, 0),
(37201, '761  ', 7618022, 'ｶｶﾞﾜｹﾝ', 'ﾀｶﾏﾂｼ', 'ｷﾅｼﾁｮｳｻﾘｮｳ', '香川県', '高松市', '鬼無町佐料', 0, 0, 0, 0, 0, 0),
(37201, '761  ', 7618024, 'ｶｶﾞﾜｹﾝ', 'ﾀｶﾏﾂｼ', 'ｷﾅｼﾁｮｳﾌｼﾞｲ', '香川県', '高松市', '鬼無町藤井', 0, 0, 0, 0, 0, 0),
(37201, '761  ', 7618025, 'ｶｶﾞﾜｹﾝ', 'ﾀｶﾏﾂｼ', 'ｷﾅｼﾁｮｳﾔﾏｸﾞﾁ', '香川県', '高松市', '鬼無町山口', 0, 0, 0, 0, 0, 0),
(37201, '760  ', 7600075, 'ｶｶﾞﾜｹﾝ', 'ﾀｶﾏﾂｼ', 'ｸｽｶﾞﾐﾁｮｳ', '香川県', '高松市', '楠上町', 0, 0, 1, 0, 0, 0),
(37201, '761  ', 7618013, 'ｶｶﾞﾜｹﾝ', 'ﾀｶﾏﾂｼ', 'ｺｳｻﾞｲﾋｶﾞｼﾏﾁ', '香川県', '高松市', '香西東町', 0, 0, 0, 0, 0, 0),
(37201, '761  ', 7618015, 'ｶｶﾞﾜｹﾝ', 'ﾀｶﾏﾂｼ', 'ｺｳｻﾞｲﾆｼﾏﾁ', '香川県', '高松市', '香西西町', 0, 0, 0, 0, 0, 0),
(37201, '761  ', 7618014, 'ｶｶﾞﾜｹﾝ', 'ﾀｶﾏﾂｼ', 'ｺｳｻﾞｲﾐﾅﾐﾏﾁ', '香川県', '高松市', '香西南町', 0, 0, 0, 0, 0, 0),
(37201, '761  ', 7618011, 'ｶｶﾞﾜｹﾝ', 'ﾀｶﾏﾂｼ', 'ｺｳｻﾞｲｷﾀﾏﾁ', '香川県', '高松市', '香西北町', 0, 0, 0, 0, 0, 0),
(37201, '761  ', 7618012, 'ｶｶﾞﾜｹﾝ', 'ﾀｶﾏﾂｼ', 'ｺｳｻﾞｲﾎﾝﾏﾁ', '香川県', '高松市', '香西本町', 0, 0, 0, 0, 0, 0),
(37201, '761  ', 7618031, 'ｶｶﾞﾜｹﾝ', 'ﾀｶﾏﾂｼ', 'ｺﾞｳﾄｳﾁｮｳ', '香川県', '高松市', '郷東町', 0, 0, 0, 0, 0, 0),
(37201, '76114', 7611405, 'ｶｶﾞﾜｹﾝ', 'ﾀｶﾏﾂｼ', 'ｺｳﾅﾝﾁｮｳｲｹﾉｳﾁ', '香川県', '高松市', '香南町池内', 0, 0, 0, 0, 0, 0),
(37201, '76114', 7611401, 'ｶｶﾞﾜｹﾝ', 'ﾀｶﾏﾂｼ', 'ｺｳﾅﾝﾁｮｳｵｶ', '香川県', '高松市', '香南町岡', 0, 0, 0, 0, 0, 0),
(37201, '76114', 7611406, 'ｶｶﾞﾜｹﾝ', 'ﾀｶﾏﾂｼ', 'ｺｳﾅﾝﾁｮｳﾆｼﾉｼｮｳ', '香川県', '高松市', '香南町西庄', 0, 0, 0, 0, 0, 0),
(37201, '76114', 7611402, 'ｶｶﾞﾜｹﾝ', 'ﾀｶﾏﾂｼ', 'ｺｳﾅﾝﾁｮｳﾕｻ', '香川県', '高松市', '香南町由佐', 0, 0, 0, 0, 0, 0),
(37201, '76114', 7611404, 'ｶｶﾞﾜｹﾝ', 'ﾀｶﾏﾂｼ', 'ｺｳﾅﾝﾁｮｳﾖｺｲ', '香川県', '高松市', '香南町横井', 0, 0, 0, 0, 0, 0),
(37201, '76114', 7611403, 'ｶｶﾞﾜｹﾝ', 'ﾀｶﾏﾂｼ', 'ｺｳﾅﾝﾁｮｳﾖｼﾐﾂ', '香川県', '高松市', '香南町吉光', 0, 0, 0, 0, 0, 0),
(37201, '76901', 7690105, 'ｶｶﾞﾜｹﾝ', 'ﾀｶﾏﾂｼ', 'ｺｸﾌﾞﾝｼﾞﾁｮｳｶｼﾊﾗ', '香川県', '高松市', '国分寺町柏原', 0, 0, 0, 0, 0, 0),
(37201, '76901', 7690102, 'ｶｶﾞﾜｹﾝ', 'ﾀｶﾏﾂｼ', 'ｺｸﾌﾞﾝｼﾞﾁｮｳｺｸﾌﾞ', '香川県', '高松市', '国分寺町国分', 0, 0, 0, 0, 0, 0),
(37201, '76901', 7690104, 'ｶｶﾞﾜｹﾝ', 'ﾀｶﾏﾂｼ', 'ｺｸﾌﾞﾝｼﾞﾁｮｳｼﾝﾐｮｳ', '香川県', '高松市', '国分寺町新名', 0, 0, 0, 0, 0, 0),
(37201, '76901', 7690101, 'ｶｶﾞﾜｹﾝ', 'ﾀｶﾏﾂｼ', 'ｺｸﾌﾞﾝｼﾞﾁｮｳﾆｲ', '香川県', '高松市', '国分寺町新居', 0, 0, 0, 0, 0, 0),
(37201, '76901', 7690103, 'ｶｶﾞﾜｹﾝ', 'ﾀｶﾏﾂｼ', 'ｺｸﾌﾞﾝｼﾞﾁｮｳﾌｹ', '香川県', '高松市', '国分寺町福家', 0, 0, 0, 0, 0, 0),
(37201, '760  ', 7600023, 'ｶｶﾞﾜｹﾝ', 'ﾀｶﾏﾂｼ', 'ｺﾄﾌﾞｷﾁｮｳ', '香川県', '高松市', '寿町', 0, 0, 1, 0, 0, 0),
(37201, '760  ', 7600044, 'ｶｶﾞﾜｹﾝ', 'ﾀｶﾏﾂｼ', 'ｺﾞﾎﾞｳﾏﾁ', '香川県', '高松市', '御坊町', 0, 0, 0, 0, 0, 0),
(37201, '760  ', 7600027, 'ｶｶﾞﾜｹﾝ', 'ﾀｶﾏﾂｼ', 'ｺﾝﾔﾏﾁ', '香川県', '高松市', '紺屋町', 0, 0, 0, 0, 0, 0),
(37201, '760  ', 7600004, 'ｶｶﾞﾜｹﾝ', 'ﾀｶﾏﾂｼ', 'ｻｲﾎｳﾁｮｳ', '香川県', '高松市', '西宝町', 0, 0, 1, 0, 0, 0),
(37201, '760  ', 7600016, 'ｶｶﾞﾜｹﾝ', 'ﾀｶﾏﾂｼ', 'ｻｲﾜｲﾁｮｳ', '香川県', '高松市', '幸町', 0, 0, 0, 0, 0, 0),
(37201, '760  ', 7600074, 'ｶｶﾞﾜｹﾝ', 'ﾀｶﾏﾂｼ', 'ｻｸﾗﾏﾁ', '香川県', '高松市', '桜町', 0, 0, 1, 0, 0, 0),
(37201, '761  ', 7618072, 'ｶｶﾞﾜｹﾝ', 'ﾀｶﾏﾂｼ', 'ｻﾝｼﾞｮｳﾁｮｳ', '香川県', '高松市', '三条町', 0, 0, 0, 0, 0, 0),
(37201, '760  ', 7600019, 'ｶｶﾞﾜｹﾝ', 'ﾀｶﾏﾂｼ', 'ｻﾝﾎﾟｰﾄ', '香川県', '高松市', 'サンポート', 0, 0, 0, 0, 0, 0),
(37201, '761  ', 7618083, 'ｶｶﾞﾜｹﾝ', 'ﾀｶﾏﾂｼ', 'ｻﾝﾐｮｳﾁｮｳ', '香川県', '高松市', '三名町', 0, 0, 0, 0, 0, 0),
(37201, '760  ', 7600015, 'ｶｶﾞﾜｹﾝ', 'ﾀｶﾏﾂｼ', 'ｼｳﾝﾁｮｳ', '香川県', '高松市', '紫雲町', 0, 0, 0, 0, 0, 0),
(37201, '760  ', 7600062, 'ｶｶﾞﾜｹﾝ', 'ﾀｶﾏﾂｼ', 'ｼｵｶﾞﾐﾁｮｳ', '香川県', '高松市', '塩上町', 0, 0, 1, 0, 0, 0),
(37201, '76116', 7611614, 'ｶｶﾞﾜｹﾝ', 'ﾀｶﾏﾂｼ', 'ｼｵﾉｴﾁｮｳｶﾐﾆｼｵﾂ', '香川県', '高松市', '塩江町上西乙', 0, 0, 0, 0, 0, 0),
(37201, '76116', 7611613, 'ｶｶﾞﾜｹﾝ', 'ﾀｶﾏﾂｼ', 'ｼｵﾉｴﾁｮｳｶﾐﾆｼｺｳ', '香川県', '高松市', '塩江町上西甲', 0, 0, 0, 0, 0, 0),
(37201, '76116', 7611611, 'ｶｶﾞﾜｹﾝ', 'ﾀｶﾏﾂｼ', 'ｼｵﾉｴﾁｮｳﾔｽﾊﾗｶﾐ', '香川県', '高松市', '塩江町安原上', 0, 0, 0, 0, 0, 0),
(37201, '76116', 7611612, 'ｶｶﾞﾜｹﾝ', 'ﾀｶﾏﾂｼ', 'ｼｵﾉｴﾁｮｳﾔｽﾊﾗｶﾐﾋｶﾞｼ', '香川県', '高松市', '塩江町安原上東', 0, 0, 0, 0, 0, 0),
(37201, '76116', 7611615, 'ｶｶﾞﾜｹﾝ', 'ﾀｶﾏﾂｼ', 'ｼｵﾉｴﾁｮｳﾔｽﾊﾗｼﾓ(ｶﾐｺﾀ)', '香川県', '高松市', '塩江町安原下（上小田）', 1, 0, 0, 1, 0, 0),
(37201, '76116', 7611615, 'ｶｶﾞﾜｹﾝ', 'ﾀｶﾏﾂｼ', 'ｼｵﾉｴﾁｮｳﾔｽﾊﾗｼﾓ(ｽﾐﾔ)', '香川県', '高松市', '塩江町安原下（炭谷）', 1, 0, 0, 1, 0, 0),
(37201, '76115', 7611501, 'ｶｶﾞﾜｹﾝ', 'ﾀｶﾏﾂｼ', 'ｼｵﾉｴﾁｮｳﾔｽﾊﾗｼﾓ(ﾀﾞｲ1ｺﾞｳ)', '香川県', '高松市', '塩江町安原下（第１号）', 1, 0, 0, 0, 0, 0),
(37201, '76115', 7611502, 'ｶｶﾞﾜｹﾝ', 'ﾀｶﾏﾂｼ', 'ｼｵﾉｴﾁｮｳﾔｽﾊﾗｼﾓ(ﾀﾞｲ2ｺﾞｳ)', '香川県', '高松市', '塩江町安原下（第２号）', 1, 0, 0, 0, 0, 0),
(37201, '76115', 7611503, 'ｶｶﾞﾜｹﾝ', 'ﾀｶﾏﾂｼ', 'ｼｵﾉｴﾁｮｳﾔｽﾊﾗｼﾓ(ﾀﾞｲ3ｺﾞｳ)', '香川県', '高松市', '塩江町安原下（第３号）', 1, 0, 0, 0, 0, 0),
(37201, '76115', 7611504, 'ｶｶﾞﾜｹﾝ', 'ﾀｶﾏﾂｼ', 'ｼｵﾉｴﾁｮｳﾔｽﾊﾗｼﾓ(ｿﾉﾀ)', '香川県', '高松市', '塩江町安原下（その他）', 1, 0, 0, 0, 0, 0),
(37201, '760  ', 7600047, 'ｶｶﾞﾜｹﾝ', 'ﾀｶﾏﾂｼ', 'ｼｵﾔﾏﾁ', '香川県', '高松市', '塩屋町', 0, 0, 0, 0, 0, 0),
(37201, '76103', 7610313, 'ｶｶﾞﾜｹﾝ', 'ﾀｶﾏﾂｼ', 'ｼﾓﾀｲﾁｮｳ', '香川県', '高松市', '下田井町', 0, 0, 0, 0, 0, 0),
(37201, '761  ', 7618077, 'ｶｶﾞﾜｹﾝ', 'ﾀｶﾏﾂｼ', 'ｼｭﾂｻｸﾁｮｳ', '香川県', '高松市', '出作町', 0, 0, 0, 0, 0, 0),
(37201, '760  ', 7600036, 'ｶｶﾞﾜｹﾝ', 'ﾀｶﾏﾂｼ', 'ｼﾞｮｳﾄｳﾁｮｳ', '香川県', '高松市', '城東町', 0, 0, 1, 0, 0, 0),
(37201, '760  ', 7600014, 'ｶｶﾞﾜｹﾝ', 'ﾀｶﾏﾂｼ', 'ｼｮｳﾜﾁｮｳ', '香川県', '高松市', '昭和町', 0, 0, 1, 0, 0, 0),
(37201, '760  ', 7600001, 'ｶｶﾞﾜｹﾝ', 'ﾀｶﾏﾂｼ', 'ｼﾝｷﾀﾏﾁ', '香川県', '高松市', '新北町', 0, 0, 0, 0, 0, 0),
(37201, '761  ', 7618003, 'ｶｶﾞﾜｹﾝ', 'ﾀｶﾏﾂｼ', 'ｼﾝｻﾞｲｶﾜｸﾎﾞﾁｮｳ', '香川県', '高松市', '神在川窪町', 0, 0, 0, 0, 0, 0),
(37201, '76101', 7610102, 'ｶｶﾞﾜｹﾝ', 'ﾀｶﾏﾂｼ', 'ｼﾝﾃﾞﾝﾁｮｳｺｳ', '香川県', '高松市', '新田町甲', 0, 0, 0, 0, 0, 0),
(37201, '76101', 7610103, 'ｶｶﾞﾜｹﾝ', 'ﾀｶﾏﾂｼ', 'ｼﾝﾃﾞﾝﾁｮｳｵﾂ', '香川県', '高松市', '新田町乙', 0, 0, 0, 0, 0, 0),
(37201, '760  ', 7600060, 'ｶｶﾞﾜｹﾝ', 'ﾀｶﾏﾂｼ', 'ｽｴﾋﾛﾁｮｳ', '香川県', '高松市', '末広町', 0, 0, 0, 0, 0, 0),
(37201, '76104', 7611616, 'ｶｶﾞﾜｹﾝ', 'ﾀｶﾏﾂｼ', 'ｽｹﾞｻﾞﾜﾁｮｳ', '香川県', '高松市', '菅沢町', 0, 0, 0, 0, 0, 0),
(37201, '760  ', 7600012, 'ｶｶﾞﾜｹﾝ', 'ﾀｶﾏﾂｼ', 'ｾﾄｳﾁﾁｮｳ', '香川県', '高松市', '瀬戸内町', 0, 0, 0, 0, 0, 0),
(37201, '76104', 7610434, 'ｶｶﾞﾜｹﾝ', 'ﾀｶﾏﾂｼ', 'ｿｶﾞﾜﾋｶﾞｼﾏﾁ', '香川県', '高松市', '十川東町', 0, 0, 0, 0, 0, 0),
(37201, '76104', 7610433, 'ｶｶﾞﾜｹﾝ', 'ﾀｶﾏﾂｼ', 'ｿｶﾞﾜﾆｼﾏﾁ', '香川県', '高松市', '十川西町', 0, 0, 0, 0, 0, 0),
(37201, '76101', 7610104, 'ｶｶﾞﾜｹﾝ', 'ﾀｶﾏﾂｼ', 'ﾀｶﾏﾂﾁｮｳ', '香川県', '高松市', '高松町', 0, 0, 0, 0, 0, 0),
(37201, '760  ', 7600063, 'ｶｶﾞﾜｹﾝ', 'ﾀｶﾏﾂｼ', 'ﾀｶﾞﾁｮｳ', '香川県', '高松市', '多賀町', 0, 0, 1, 0, 0, 0),
(37201, '761  ', 7618076, 'ｶｶﾞﾜｹﾝ', 'ﾀｶﾏﾂｼ', 'ﾀﾋｶﾐﾏﾁ', '香川県', '高松市', '多肥上町', 0, 0, 0, 0, 0, 0),
(37201, '761  ', 7618075, 'ｶｶﾞﾜｹﾝ', 'ﾀｶﾏﾂｼ', 'ﾀﾋｼﾓﾏﾁ', '香川県', '高松市', '多肥下町', 0, 0, 0, 0, 0, 0),
(37201, '760  ', 7600053, 'ｶｶﾞﾜｹﾝ', 'ﾀｶﾏﾂｼ', 'ﾀﾏﾁ', '香川県', '高松市', '田町', 0, 0, 0, 0, 0, 0),
(37201, '760  ', 7600030, 'ｶｶﾞﾜｹﾝ', 'ﾀｶﾏﾂｼ', 'ﾀﾏﾓﾁｮｳ', '香川県', '高松市', '玉藻町', 0, 0, 0, 0, 0, 0),
(37201, '761  ', 7618057, 'ｶｶﾞﾜｹﾝ', 'ﾀｶﾏﾂｼ', 'ﾀﾑﾗﾁｮｳ', '香川県', '高松市', '田村町', 0, 0, 0, 0, 0, 0),
(37201, '761  ', 7618001, 'ｶｶﾞﾜｹﾝ', 'ﾀｶﾏﾂｼ', 'ﾀﾙﾐﾁｮｳ', '香川県', '高松市', '亀水町', 0, 0, 0, 0, 0, 0),
(37201, '760  ', 7600042, 'ｶｶﾞﾜｹﾝ', 'ﾀｶﾏﾂｼ', 'ﾀﾞｲｸﾏﾁ', '香川県', '高松市', '大工町', 0, 0, 0, 0, 0, 0),
(37201, '761  ', 7618041, 'ｶｶﾞﾜｹﾝ', 'ﾀｶﾏﾂｼ', 'ﾀﾞﾝｼﾁｮｳ', '香川県', '高松市', '檀紙町', 0, 0, 0, 0, 0, 0),
(37201, '760  ', 7600007, 'ｶｶﾞﾜｹﾝ', 'ﾀｶﾏﾂｼ', 'ﾁｭｳｵｳﾁｮｳ', '香川県', '高松市', '中央町', 0, 0, 0, 0, 0, 0),
(37201, '761  ', 7618058, 'ｶｶﾞﾜｹﾝ', 'ﾀｶﾏﾂｼ', 'ﾁｮｸｼﾁｮｳ', '香川県', '高松市', '勅使町', 0, 0, 0, 0, 0, 0),
(37201, '760  ', 7600061, 'ｶｶﾞﾜｹﾝ', 'ﾀｶﾏﾂｼ', 'ﾂｷｼﾞﾁｮｳ', '香川県', '高松市', '築地町', 0, 0, 0, 0, 0, 0),
(37201, '760  ', 7600093, 'ｶｶﾞﾜｹﾝ', 'ﾀｶﾏﾂｼ', 'ﾂﾙｲﾁﾁｮｳ(ﾀﾞｲﾔﾏ)', '香川県', '高松市', '鶴市町（台山）', 1, 0, 0, 0, 0, 0),
(37201, '761  ', 7618032, 'ｶｶﾞﾜｹﾝ', 'ﾀｶﾏﾂｼ', 'ﾂﾙｲﾁﾁｮｳ(ｿﾉﾀ)', '香川県', '高松市', '鶴市町（その他）', 1, 0, 0, 0, 0, 0),
(37201, '760  ', 7600035, 'ｶｶﾞﾜｹﾝ', 'ﾀｶﾏﾂｼ', 'ﾂﾙﾔﾏﾁ', '香川県', '高松市', '鶴屋町', 0, 0, 0, 0, 0, 0),
(37201, '761  ', 7618085, 'ｶｶﾞﾜｹﾝ', 'ﾀｶﾏﾂｼ', 'ﾃﾗｲﾁｮｳ', '香川県', '高松市', '寺井町', 0, 0, 0, 0, 0, 0),
(37201, '760  ', 7600018, 'ｶｶﾞﾜｹﾝ', 'ﾀｶﾏﾂｼ', 'ﾃﾝｼﾞﾝﾏｴ', '香川県', '高松市', '天神前', 0, 0, 0, 0, 0, 0),
(37201, '760  ', 7600046, 'ｶｶﾞﾜｹﾝ', 'ﾀｶﾏﾂｼ', 'ﾄｵﾘﾏﾁ', '香川県', '高松市', '通町', 0, 0, 0, 0, 0, 0),
(37201, '760  ', 7600054, 'ｶｶﾞﾜｹﾝ', 'ﾀｶﾏﾂｼ', 'ﾄｷﾜﾁｮｳ', '香川県', '高松市', '常磐町', 0, 0, 1, 0, 0, 0),
(37201, '760  ', 7600026, 'ｶｶﾞﾜｹﾝ', 'ﾀｶﾏﾂｼ', 'ﾄｷﾞﾔﾏﾁ', '香川県', '高松市', '磨屋町', 0, 0, 0, 0, 0, 0),
(37201, '760  ', 7600056, 'ｶｶﾞﾜｹﾝ', 'ﾀｶﾏﾂｼ', 'ﾅｶｼﾞﾝﾁｮｳ', '香川県', '高松市', '中新町', 0, 0, 0, 0, 0, 0),
(37201, '761  ', 7618043, 'ｶｶﾞﾜｹﾝ', 'ﾀｶﾏﾂｼ', 'ﾅｶﾂﾏﾁｮｳ', '香川県', '高松市', '中間町', 0, 0, 0, 0, 0, 0),
(37201, '760  ', 7600008, 'ｶｶﾞﾜｹﾝ', 'ﾀｶﾏﾂｼ', 'ﾅｶﾉﾁｮｳ', '香川県', '高松市', '中野町', 0, 0, 0, 0, 0, 0),
(37201, '761  ', 7618004, 'ｶｶﾞﾜｹﾝ', 'ﾀｶﾏﾂｼ', 'ﾅｶﾔﾏﾁｮｳ', '香川県', '高松市', '中山町', 0, 0, 0, 0, 0, 0),
(37201, '761  ', 7618081, 'ｶｶﾞﾜｹﾝ', 'ﾀｶﾏﾂｼ', 'ﾅﾘｱｲﾁｮｳ', '香川県', '高松市', '成合町', 0, 0, 0, 0, 0, 0),
(37201, '76104', 7610445, 'ｶｶﾞﾜｹﾝ', 'ﾀｶﾏﾂｼ', 'ﾆｼｳｴﾀﾁｮｳ', '香川県', '高松市', '西植田町', 0, 0, 0, 0, 0, 0),
(37201, '760  ', 7600022, 'ｶｶﾞﾜｹﾝ', 'ﾀｶﾏﾂｼ', 'ﾆｼｳﾁﾏﾁ', '香川県', '高松市', '西内町', 0, 0, 0, 0, 0, 0),
(37201, '761  ', 7618051, 'ｶｶﾞﾜｹﾝ', 'ﾀｶﾏﾂｼ', 'ﾆｼｶｽｶﾞﾁｮｳ', '香川県', '高松市', '西春日町', 0, 0, 0, 0, 0, 0),
(37201, '760  ', 7600020, 'ｶｶﾞﾜｹﾝ', 'ﾀｶﾏﾂｼ', 'ﾆｼｷﾏﾁ', '香川県', '高松市', '錦町', 0, 0, 1, 0, 0, 0),
(37201, '760  ', 7600021, 'ｶｶﾞﾜｹﾝ', 'ﾀｶﾏﾂｼ', 'ﾆｼﾉﾏﾙﾁｮｳ', '香川県', '高松市', '西の丸町', 0, 0, 0, 0, 0, 0),
(37201, '761  ', 7618053, 'ｶｶﾞﾜｹﾝ', 'ﾀｶﾏﾂｼ', 'ﾆｼﾊｾﾞﾏﾁ', '香川県', '高松市', '西ハゼ町', 0, 0, 0, 0, 0, 0),
(37201, '760  ', 7600003, 'ｶｶﾞﾜｹﾝ', 'ﾀｶﾏﾂｼ', 'ﾆｼﾏﾁ', '香川県', '高松市', '西町', 0, 0, 0, 0, 0, 0),
(37201, '761  ', 7618045, 'ｶｶﾞﾜｹﾝ', 'ﾀｶﾏﾂｼ', 'ﾆｼﾔﾏｻｷﾁｮｳ', '香川県', '高松市', '西山崎町', 0, 0, 0, 0, 0, 0),
(37201, '760  ', 7600057, 'ｶｶﾞﾜｹﾝ', 'ﾀｶﾏﾂｼ', 'ﾊﾀｺﾞﾏﾁ', '香川県', '高松市', '旅籠町', 0, 0, 0, 0, 0, 0),
(37201, '760  ', 7600072, 'ｶｶﾞﾜｹﾝ', 'ﾀｶﾏﾂｼ', 'ﾊﾅｿﾞﾉﾁｮｳ', '香川県', '高松市', '花園町', 0, 0, 1, 0, 0, 0),
(37201, '761  ', 7618063, 'ｶｶﾞﾜｹﾝ', 'ﾀｶﾏﾂｼ', 'ﾊﾅﾉﾐﾔﾁｮｳ', '香川県', '高松市', '花ノ宮町', 0, 0, 1, 0, 0, 0),
(37201, '760  ', 7600011, 'ｶｶﾞﾜｹﾝ', 'ﾀｶﾏﾂｼ', 'ﾊﾏﾉﾁｮｳ', '香川県', '高松市', '浜ノ町', 0, 0, 0, 0, 0, 0),
(37201, '76103', 7610301, 'ｶｶﾞﾜｹﾝ', 'ﾀｶﾏﾂｼ', 'ﾊﾔｼﾁｮｳ', '香川県', '高松市', '林町', 0, 0, 0, 0, 0, 0),
(37201, '760  ', 7600017, 'ｶｶﾞﾜｹﾝ', 'ﾀｶﾏﾂｼ', 'ﾊﾞﾝﾁｮｳ', '香川県', '高松市', '番町', 0, 0, 1, 0, 0, 0),
(37201, '76104', 7610446, 'ｶｶﾞﾜｹﾝ', 'ﾀｶﾏﾂｼ', 'ﾋｶﾞｼｳｴﾀﾁｮｳ', '香川県', '高松市', '東植田町', 0, 0, 0, 0, 0, 0),
(37201, '760  ', 7600058, 'ｶｶﾞﾜｹﾝ', 'ﾀｶﾏﾂｼ', 'ﾋｶﾞｼﾀﾏﾁ', '香川県', '高松市', '東田町', 0, 0, 0, 0, 0, 0),
(37201, '761  ', 7618054, 'ｶｶﾞﾜｹﾝ', 'ﾀｶﾏﾂｼ', 'ﾋｶﾞｼﾊｾﾞﾏﾁ', '香川県', '高松市', '東ハゼ町', 0, 0, 0, 0, 0, 0),
(37201, '760  ', 7600037, 'ｶｶﾞﾜｹﾝ', 'ﾀｶﾏﾂｼ', 'ﾋｶﾞｼﾊﾏﾁｮｳ', '香川県', '高松市', '東浜町', 0, 0, 1, 0, 0, 0),
(37201, '76103', 7610312, 'ｶｶﾞﾜｹﾝ', 'ﾀｶﾏﾂｼ', 'ﾋｶﾞｼﾔﾏｻｷﾁｮｳ', '香川県', '高松市', '東山崎町', 0, 0, 0, 0, 0, 0),
(37201, '760  ', 7600041, 'ｶｶﾞﾜｹﾝ', 'ﾀｶﾏﾂｼ', 'ﾋｬｯｹﾝﾏﾁ', '香川県', '高松市', '百間町', 0, 0, 0, 0, 0, 0),
(37201, '760  ', 7600024, 'ｶｶﾞﾜｹﾝ', 'ﾀｶﾏﾂｼ', 'ﾋｮｳｺﾞﾏﾁ', '香川県', '高松市', '兵庫町', 0, 0, 0, 0, 0, 0),
(37201, '760  ', 7600066, 'ｶｶﾞﾜｹﾝ', 'ﾀｶﾏﾂｼ', 'ﾌｸｵｶﾁｮｳ', '香川県', '高松市', '福岡町', 0, 0, 1, 0, 0, 0),
(37201, '760  ', 7600048, 'ｶｶﾞﾜｹﾝ', 'ﾀｶﾏﾂｼ', 'ﾌｸﾀﾞﾏﾁ', '香川県', '高松市', '福田町', 0, 0, 0, 0, 0, 0),
(37201, '760  ', 7600071, 'ｶｶﾞﾜｹﾝ', 'ﾀｶﾏﾂｼ', 'ﾌｼﾞﾂﾞｶﾁｮｳ', '香川県', '高松市', '藤塚町', 0, 0, 1, 0, 0, 0),
(37201, '761  ', 7618071, 'ｶｶﾞﾜｹﾝ', 'ﾀｶﾏﾂｼ', 'ﾌｾｲｼﾁｮｳ', '香川県', '高松市', '伏石町', 0, 0, 0, 0, 0, 0),
(37201, '760  ', 7600025, 'ｶｶﾞﾜｹﾝ', 'ﾀｶﾏﾂｼ', 'ﾌﾙｼﾞﾝﾏﾁ', '香川県', '高松市', '古新町', 0, 0, 0, 0, 0, 0),
(37201, '760  ', 7600045, 'ｶｶﾞﾜｹﾝ', 'ﾀｶﾏﾂｼ', 'ﾌﾙﾊﾞﾊﾞﾁｮｳ', '香川県', '高松市', '古馬場町', 0, 0, 0, 0, 0, 0),
(37201, '761  ', 7618078, 'ｶｶﾞﾜｹﾝ', 'ﾀｶﾏﾂｼ', 'ﾌﾞｯｼｮｳｻﾞﾝﾁｮｳｺｳ', '香川県', '高松市', '仏生山町甲', 0, 0, 0, 0, 0, 0),
(37201, '761  ', 7618079, 'ｶｶﾞﾜｹﾝ', 'ﾀｶﾏﾂｼ', 'ﾌﾞｯｼｮｳｻﾞﾝﾁｮｳｵﾂ', '香川県', '高松市', '仏生山町乙', 0, 0, 0, 0, 0, 0),
(37201, '760  ', 7600032, 'ｶｶﾞﾜｹﾝ', 'ﾀｶﾏﾂｼ', 'ﾎﾝﾏﾁ', '香川県', '高松市', '本町', 0, 0, 0, 0, 0, 0),
(37201, '76103', 7610322, 'ｶｶﾞﾜｹﾝ', 'ﾀｶﾏﾂｼ', 'ﾏｴﾀﾞﾋｶﾞｼﾏﾁ', '香川県', '高松市', '前田東町', 0, 0, 0, 0, 0, 0),
(37201, '76103', 7610321, 'ｶｶﾞﾜｹﾝ', 'ﾀｶﾏﾂｼ', 'ﾏｴﾀﾞﾆｼﾏﾁ', '香川県', '高松市', '前田西町', 0, 0, 0, 0, 0, 0),
(37201, '760  ', 7600068, 'ｶｶﾞﾜｹﾝ', 'ﾀｶﾏﾂｼ', 'ﾏﾂｼﾏﾁｮｳ', '香川県', '高松市', '松島町', 0, 0, 1, 0, 0, 0),
(37201, '761  ', 7618052, 'ｶｶﾞﾜｹﾝ', 'ﾀｶﾏﾂｼ', 'ﾏﾂﾅﾐﾁｮｳ', '香川県', '高松市', '松並町', 0, 0, 0, 0, 0, 0),
(37201, '760  ', 7600079, 'ｶｶﾞﾜｹﾝ', 'ﾀｶﾏﾂｼ', 'ﾏﾂﾅﾜﾁｮｳ', '香川県', '高松市', '松縄町', 0, 0, 0, 0, 0, 0),
(37201, '760  ', 7600067, 'ｶｶﾞﾜｹﾝ', 'ﾀｶﾏﾂｼ', 'ﾏﾂﾌｸﾁｮｳ', '香川県', '高松市', '松福町', 0, 0, 1, 0, 0, 0),
(37201, '760  ', 7600029, 'ｶｶﾞﾜｹﾝ', 'ﾀｶﾏﾂｼ', 'ﾏﾙｶﾞﾒﾏﾁ', '香川県', '高松市', '丸亀町', 0, 0, 0, 0, 0, 0),
(37201, '760  ', 7600033, 'ｶｶﾞﾜｹﾝ', 'ﾀｶﾏﾂｼ', 'ﾏﾙﾉｳﾁ', '香川県', '高松市', '丸の内', 0, 0, 0, 0, 0, 0),
(37201, '76104', 7610450, 'ｶｶﾞﾜｹﾝ', 'ﾀｶﾏﾂｼ', 'ﾐﾀﾆﾁｮｳ', '香川県', '高松市', '三谷町', 0, 0, 0, 0, 0, 0),
(37201, '760  ', 7600051, 'ｶｶﾞﾜｹﾝ', 'ﾀｶﾏﾂｼ', 'ﾐﾅﾐｼﾝﾏﾁ', '香川県', '高松市', '南新町', 0, 0, 0, 0, 0, 0),
(37201, '760  ', 7600009, 'ｶｶﾞﾜｹﾝ', 'ﾀｶﾏﾂｼ', 'ﾐﾈﾔﾏﾁｮｳ', '香川県', '高松市', '峰山町', 0, 0, 0, 0, 0, 0),
(37201, '761  ', 7618042, 'ｶｶﾞﾜｹﾝ', 'ﾀｶﾏﾂｼ', 'ﾐﾏﾔﾁｮｳ', '香川県', '高松市', '御厩町', 0, 0, 0, 0, 0, 0),
(37201, '760  ', 7600005, 'ｶｶﾞﾜｹﾝ', 'ﾀｶﾏﾂｼ', 'ﾐﾔﾜｷﾁｮｳ', '香川県', '高松市', '宮脇町', 0, 0, 1, 0, 0, 0),
(37201, '76101', 7610122, 'ｶｶﾞﾜｹﾝ', 'ﾀｶﾏﾂｼ', 'ﾑﾚﾁｮｳｵｵﾏﾁ', '香川県', '高松市', '牟礼町大町', 0, 0, 0, 0, 0, 0),
(37201, '76101', 7610123, 'ｶｶﾞﾜｹﾝ', 'ﾀｶﾏﾂｼ', 'ﾑﾚﾁｮｳﾊﾗ', '香川県', '高松市', '牟礼町原', 0, 0, 0, 0, 0, 0),
(37201, '76101', 7610121, 'ｶｶﾞﾜｹﾝ', 'ﾀｶﾏﾂｼ', 'ﾑﾚﾁｮｳﾑﾚ', '香川県', '高松市', '牟礼町牟礼', 0, 0, 0, 0, 0, 0),
(37201, '761  ', 7618062, 'ｶｶﾞﾜｹﾝ', 'ﾀｶﾏﾂｼ', 'ﾑﾛｼﾝﾏﾁ', '香川県', '高松市', '室新町', 0, 0, 0, 0, 0, 0),
(37201, '761  ', 7618061, 'ｶｶﾞﾜｹﾝ', 'ﾀｶﾏﾂｼ', 'ﾑﾛﾏﾁ', '香川県', '高松市', '室町', 0, 0, 0, 0, 0, 0),
(37201, '760  ', 7600092, 'ｶｶﾞﾜｹﾝ', 'ﾀｶﾏﾂｼ', 'ﾒｷﾞﾁｮｳ', '香川県', '高松市', '女木町', 0, 0, 0, 0, 0, 0),
(37201, '76103', 7610311, 'ｶｶﾞﾜｹﾝ', 'ﾀｶﾏﾂｼ', 'ﾓﾄﾔﾏﾁｮｳ', '香川県', '高松市', '元山町', 0, 0, 0, 0, 0, 0),
(37201, '760  ', 7600049, 'ｶｶﾞﾜｹﾝ', 'ﾀｶﾏﾂｼ', 'ﾔｻｶﾏﾁ', '香川県', '高松市', '八坂町', 0, 0, 0, 0, 0, 0),
(37201, '76101', 7610112, 'ｶｶﾞﾜｹﾝ', 'ﾀｶﾏﾂｼ', 'ﾔｼﾏﾅｶﾏﾁ', '香川県', '高松市', '屋島中町', 0, 0, 0, 0, 0, 0),
(37201, '76101', 7610111, 'ｶｶﾞﾜｹﾝ', 'ﾀｶﾏﾂｼ', 'ﾔｼﾏﾋｶﾞｼﾏﾁ', '香川県', '高松市', '屋島東町', 0, 0, 0, 0, 0, 0),
(37201, '76101', 7610113, 'ｶｶﾞﾜｹﾝ', 'ﾀｶﾏﾂｼ', 'ﾔｼﾏﾆｼﾏﾁ', '香川県', '高松市', '屋島西町', 0, 0, 0, 0, 0, 0),
(37201, '76104', 7610441, 'ｶｶﾞﾜｹﾝ', 'ﾀｶﾏﾂｼ', 'ﾕﾗﾁｮｳ', '香川県', '高松市', '由良町', 0, 0, 0, 0, 0, 0),
(37201, '760  ', 7600073, 'ｶｶﾞﾜｹﾝ', 'ﾀｶﾏﾂｼ', 'ﾘﾂﾘﾝﾁｮｳ', '香川県', '高松市', '栗林町', 0, 0, 1, 0, 0, 0),
(37201, '76103', 7610303, 'ｶｶﾞﾜｹﾝ', 'ﾀｶﾏﾂｼ', 'ﾛｸｼﾞｮｳﾁｮｳ', '香川県', '高松市', '六条町', 0, 0, 0, 0, 0, 0),
(37202, '763  ', 7630000, 'ｶｶﾞﾜｹﾝ', 'ﾏﾙｶﾞﾒｼ', 'ｲｶﾆｹｲｻｲｶﾞﾅｲﾊﾞｱｲ', '香川県', '丸亀市', '以下に掲載がない場合', 0, 0, 0, 0, 0, 0),
(37202, '76124', 7612401, 'ｶｶﾞﾜｹﾝ', 'ﾏﾙｶﾞﾒｼ', 'ｱﾔｳﾀﾁｮｳｵｶﾀﾞｶﾐ', '香川県', '丸亀市', '綾歌町岡田上', 0, 0, 0, 0, 0, 0),
(37202, '76124', 7612402, 'ｶｶﾞﾜｹﾝ', 'ﾏﾙｶﾞﾒｼ', 'ｱﾔｳﾀﾁｮｳｵｶﾀﾞｼﾓ', '香川県', '丸亀市', '綾歌町岡田下', 0, 0, 0, 0, 0, 0),
(37202, '76124', 7612404, 'ｶｶﾞﾜｹﾝ', 'ﾏﾙｶﾞﾒｼ', 'ｱﾔｳﾀﾁｮｳｵｶﾀﾞﾋｶﾞｼ', '香川県', '丸亀市', '綾歌町岡田東', 0, 0, 0, 0, 0, 0),
(37202, '76124', 7612403, 'ｶｶﾞﾜｹﾝ', 'ﾏﾙｶﾞﾒｼ', 'ｱﾔｳﾀﾁｮｳｵｶﾀﾞﾆｼ', '香川県', '丸亀市', '綾歌町岡田西', 0, 0, 0, 0, 0, 0),
(37202, '76124', 7612406, 'ｶｶﾞﾜｹﾝ', 'ﾏﾙｶﾞﾒｼ', 'ｱﾔｳﾀﾁｮｳｸﾘｸﾏﾋｶﾞｼ', '香川県', '丸亀市', '綾歌町栗熊東', 0, 0, 0, 0, 0, 0),
(37202, '76124', 7612405, 'ｶｶﾞﾜｹﾝ', 'ﾏﾙｶﾞﾒｼ', 'ｱﾔｳﾀﾁｮｳｸﾘｸﾏﾆｼ', '香川県', '丸亀市', '綾歌町栗熊西', 0, 0, 0, 0, 0, 0),
(37202, '76124', 7612408, 'ｶｶﾞﾜｹﾝ', 'ﾏﾙｶﾞﾒｼ', 'ｱﾔｳﾀﾁｮｳﾄﾐｸﾏ(ﾌｼﾞﾐｻｶ)', '香川県', '丸亀市', '綾歌町富熊（富士見坂）', 1, 0, 0, 0, 0, 0),
(37202, '76124', 7612407, 'ｶｶﾞﾜｹﾝ', 'ﾏﾙｶﾞﾒｼ', 'ｱﾔｳﾀﾁｮｳﾄﾐｸﾏ(ｿﾉﾀ)', '香川県', '丸亀市', '綾歌町富熊（その他）', 1, 0, 0, 0, 0, 0),
(37202, '763  ', 7630084, 'ｶｶﾞﾜｹﾝ', 'ﾏﾙｶﾞﾒｼ', 'ｲｲﾉﾁｮｳﾋｶﾞｼﾌﾀ', '香川県', '丸亀市', '飯野町東二', 0, 0, 0, 0, 0, 0),
(37202, '763  ', 7630085, 'ｶｶﾞﾜｹﾝ', 'ﾏﾙｶﾞﾒｼ', 'ｲｲﾉﾁｮｳﾋｶﾞｼﾌﾞﾝ', '香川県', '丸亀市', '飯野町東分', 0, 0, 0, 0, 0, 0),
(37202, '763  ', 7630086, 'ｶｶﾞﾜｹﾝ', 'ﾏﾙｶﾞﾒｼ', 'ｲｲﾉﾁｮｳﾆｼﾌﾞﾝ', '香川県', '丸亀市', '飯野町西分', 0, 0, 0, 0, 0, 0),
(37202, '763  ', 7630025, 'ｶｶﾞﾜｹﾝ', 'ﾏﾙｶﾞﾒｼ', 'ｲﾁﾊﾞﾝﾁｮｳ', '香川県', '丸亀市', '一番丁', 0, 0, 0, 0, 0, 0),
(37202, '763  ', 7630051, 'ｶｶﾞﾜｹﾝ', 'ﾏﾙｶﾞﾒｼ', 'ｲﾏﾂﾞﾁｮｳ', '香川県', '丸亀市', '今津町', 0, 0, 0, 0, 0, 0),
(37202, '763  ', 7630006, 'ｶｶﾞﾜｹﾝ', 'ﾏﾙｶﾞﾒｼ', 'ｳｵﾔﾏﾁ', '香川県', '丸亀市', '魚屋町', 0, 0, 0, 0, 0, 0),
(37202, '76302', 7630231, 'ｶｶﾞﾜｹﾝ', 'ﾏﾙｶﾞﾒｼ', 'ｳｼｼﾞﾏ', '香川県', '丸亀市', '牛島', 0, 0, 0, 0, 0, 0),
(37202, '763  ', 7630034, 'ｶｶﾞﾜｹﾝ', 'ﾏﾙｶﾞﾒｼ', 'ｵｵﾃﾁｮｳ', '香川県', '丸亀市', '大手町', 0, 0, 1, 0, 0, 0),
(37202, '763  ', 7630053, 'ｶｶﾞﾜｹﾝ', 'ﾏﾙｶﾞﾒｼ', 'ｶﾅｸﾗﾁｮｳ', '香川県', '丸亀市', '金倉町', 0, 0, 0, 0, 0, 0),
(37202, '763  ', 7630003, 'ｶｶﾞﾜｹﾝ', 'ﾏﾙｶﾞﾒｼ', 'ｶﾔﾏﾁ', '香川県', '丸亀市', '葭町', 0, 0, 0, 0, 0, 0),
(37202, '763  ', 7630092, 'ｶｶﾞﾜｹﾝ', 'ﾏﾙｶﾞﾒｼ', 'ｶﾜﾆｼﾁｮｳﾐﾅﾐ', '香川県', '丸亀市', '川西町南', 0, 0, 0, 0, 0, 0),
(37202, '763  ', 7630091, 'ｶｶﾞﾜｹﾝ', 'ﾏﾙｶﾞﾒｼ', 'ｶﾜﾆｼﾁｮｳｷﾀ', '香川県', '丸亀市', '川西町北', 0, 0, 0, 0, 0, 0),
(37202, '763  ', 7630002, 'ｶｶﾞﾜｹﾝ', 'ﾏﾙｶﾞﾒｼ', 'ｶﾜﾗﾏﾁ', '香川県', '丸亀市', '瓦町', 0, 0, 0, 0, 0, 0),
(37202, '763  ', 7630015, 'ｶｶﾞﾜｹﾝ', 'ﾏﾙｶﾞﾒｼ', 'ｷﾀﾋﾗﾔﾏﾁｮｳ', '香川県', '丸亀市', '北平山町', 0, 0, 1, 0, 0, 0),
(37202, '763  ', 7630073, 'ｶｶﾞﾜｹﾝ', 'ﾏﾙｶﾞﾒｼ', 'ｸﾊﾞﾗﾁｮｳ', '香川県', '丸亀市', '柞原町', 0, 0, 0, 0, 0, 0),
(37202, '763  ', 7630029, 'ｶｶﾞﾜｹﾝ', 'ﾏﾙｶﾞﾒｼ', 'ｸﾊﾞﾝﾁｮｳ', '香川県', '丸亀市', '九番丁', 0, 0, 0, 0, 0, 0),
(37202, '763  ', 7630093, 'ｶｶﾞﾜｹﾝ', 'ﾏﾙｶﾞﾒｼ', 'ｸﾞﾝｹﾞﾁｮｳ', '香川県', '丸亀市', '郡家町', 0, 0, 0, 0, 0, 0),
(37202, '763  ', 7630014, 'ｶｶﾞﾜｹﾝ', 'ﾏﾙｶﾞﾒｼ', 'ｺﾞﾌﾞｼｮﾁｮｳ', '香川県', '丸亀市', '御供所町', 0, 0, 1, 0, 0, 0),
(37202, '763  ', 7630004, 'ｶｶﾞﾜｹﾝ', 'ﾏﾙｶﾞﾒｼ', 'ｺﾒﾔﾁｮｳ', '香川県', '丸亀市', '米屋町', 0, 0, 0, 0, 0, 0),
(37202, '763  ', 7630048, 'ｶｶﾞﾜｹﾝ', 'ﾏﾙｶﾞﾒｼ', 'ｻｲﾜｲﾁｮｳ', '香川県', '丸亀市', '幸町', 0, 0, 1, 0, 0, 0),
(37202, '763  ', 7630094, 'ｶｶﾞﾜｹﾝ', 'ﾏﾙｶﾞﾒｼ', 'ｻﾝｼﾞｮｳﾁｮｳ', '香川県', '丸亀市', '三条町', 0, 0, 0, 0, 0, 0),
(37202, '763  ', 7630065, 'ｶｶﾞﾜｹﾝ', 'ﾏﾙｶﾞﾒｼ', 'ｼｵﾔﾁｮｳ', '香川県', '丸亀市', '塩屋町', 0, 0, 1, 0, 0, 0),
(37202, '763  ', 7630027, 'ｶｶﾞﾜｹﾝ', 'ﾏﾙｶﾞﾒｼ', 'ｼﾁﾊﾞﾝﾁｮｳ', '香川県', '丸亀市', '七番丁', 0, 0, 0, 0, 0, 0),
(37202, '763  ', 7630030, 'ｶｶﾞﾜｹﾝ', 'ﾏﾙｶﾞﾒｼ', 'ｼﾞｭｳﾊﾞﾝﾁｮｳ', '香川県', '丸亀市', '十番丁', 0, 0, 0, 0, 0, 0),
(37202, '763  ', 7630013, 'ｶｶﾞﾜｹﾝ', 'ﾏﾙｶﾞﾒｼ', 'ｼﾞｮｳﾄｳﾁｮｳ', '香川県', '丸亀市', '城東町', 0, 0, 1, 0, 0, 0),
(37202, '763  ', 7630031, 'ｶｶﾞﾜｹﾝ', 'ﾏﾙｶﾞﾒｼ', 'ｼﾞｮｳﾅﾝﾁｮｳ', '香川県', '丸亀市', '城南町', 0, 0, 0, 0, 0, 0),
(37202, '763  ', 7630032, 'ｶｶﾞﾜｹﾝ', 'ﾏﾙｶﾞﾒｼ', 'ｼﾞｮｳｾｲﾁｮｳ', '香川県', '丸亀市', '城西町', 0, 0, 1, 0, 0, 0),
(37202, '763  ', 7630061, 'ｶｶﾞﾜｹﾝ', 'ﾏﾙｶﾞﾒｼ', 'ｼｮｳﾜﾁｮｳ', '香川県', '丸亀市', '昭和町', 0, 0, 0, 0, 0, 0),
(37202, '763  ', 7630024, 'ｶｶﾞﾜｹﾝ', 'ﾏﾙｶﾞﾒｼ', 'ｼﾜｸﾏﾁ', '香川県', '丸亀市', '塩飽町', 0, 0, 0, 0, 0, 0),
(37202, '763  ', 7630055, 'ｶｶﾞﾜｹﾝ', 'ﾏﾙｶﾞﾒｼ', 'ｼﾝﾃﾞﾝﾁｮｳ', '香川県', '丸亀市', '新田町', 0, 0, 0, 0, 0, 0),
(37202, '763  ', 7630063, 'ｶｶﾞﾜｹﾝ', 'ﾏﾙｶﾞﾒｼ', 'ｼﾝﾊﾏﾁｮｳ', '香川県', '丸亀市', '新浜町', 0, 0, 1, 0, 0, 0),
(37202, '763  ', 7630045, 'ｶｶﾞﾜｹﾝ', 'ﾏﾙｶﾞﾒｼ', 'ｼﾝﾏﾁ', '香川県', '丸亀市', '新町', 0, 0, 0, 0, 0, 0),
(37202, '763  ', 7630007, 'ｶｶﾞﾜｹﾝ', 'ﾏﾙｶﾞﾒｼ', 'ｿｳｺﾏﾁ', '香川県', '丸亀市', '宗古町', 0, 0, 0, 0, 0, 0),
(37202, '763  ', 7630071, 'ｶｶﾞﾜｹﾝ', 'ﾏﾙｶﾞﾒｼ', 'ﾀﾑﾗﾁｮｳ', '香川県', '丸亀市', '田村町', 0, 0, 0, 0, 0, 0),
(37202, '763  ', 7630095, 'ｶｶﾞﾜｹﾝ', 'ﾏﾙｶﾞﾒｼ', 'ﾀﾙﾐﾁｮｳ', '香川県', '丸亀市', '垂水町', 0, 0, 0, 0, 0, 0),
(37202, '763  ', 7630052, 'ｶｶﾞﾜｹﾝ', 'ﾏﾙｶﾞﾒｼ', 'ﾂﾉﾓﾘﾁｮｳ', '香川県', '丸亀市', '津森町', 0, 0, 0, 0, 0, 0),
(37202, '76301', 7630111, 'ｶｶﾞﾜｹﾝ', 'ﾏﾙｶﾞﾒｼ', 'ﾃｼﾏﾁｮｳ', '香川県', '丸亀市', '手島町', 0, 0, 0, 0, 0, 0),
(37202, '763  ', 7630066, 'ｶｶﾞﾜｹﾝ', 'ﾏﾙｶﾞﾒｼ', 'ﾃﾝﾏﾁｮｳ', '香川県', '丸亀市', '天満町', 0, 0, 1, 0, 0, 0),
(37202, '763  ', 7630043, 'ｶｶﾞﾜｹﾝ', 'ﾏﾙｶﾞﾒｼ', 'ﾄｵﾘﾁｮｳ', '香川県', '丸亀市', '通町', 0, 0, 0, 0, 0, 0),
(37202, '763  ', 7630021, 'ｶｶﾞﾜｹﾝ', 'ﾏﾙｶﾞﾒｼ', 'ﾄﾐﾔﾏﾁ', '香川県', '丸亀市', '富屋町', 0, 0, 0, 0, 0, 0),
(37202, '763  ', 7630012, 'ｶｶﾞﾜｹﾝ', 'ﾏﾙｶﾞﾒｼ', 'ﾄﾞｲﾁｮｳ', '香川県', '丸亀市', '土居町', 0, 0, 1, 0, 0, 0),
(37202, '763  ', 7630082, 'ｶｶﾞﾜｹﾝ', 'ﾏﾙｶﾞﾒｼ', 'ﾄﾞｷﾁｮｳﾋｶﾞｼ', '香川県', '丸亀市', '土器町東', 0, 0, 1, 0, 0, 0),
(37202, '763  ', 7630081, 'ｶｶﾞﾜｹﾝ', 'ﾏﾙｶﾞﾒｼ', 'ﾄﾞｷﾁｮｳﾆｼ', '香川県', '丸亀市', '土器町西', 0, 0, 1, 0, 0, 0),
(37202, '763  ', 7630083, 'ｶｶﾞﾜｹﾝ', 'ﾏﾙｶﾞﾒｼ', 'ﾄﾞｷﾁｮｳｷﾀ', '香川県', '丸亀市', '土器町北', 0, 0, 1, 0, 0, 0),
(37202, '763  ', 7630054, 'ｶｶﾞﾜｹﾝ', 'ﾏﾙｶﾞﾒｼ', 'ﾅｶﾂﾞﾁｮｳ', '香川県', '丸亀市', '中津町', 0, 0, 0, 0, 0, 0),
(37202, '763  ', 7630033, 'ｶｶﾞﾜｹﾝ', 'ﾏﾙｶﾞﾒｼ', 'ﾅｶﾌﾞﾁｮｳ', '香川県', '丸亀市', '中府町', 0, 0, 1, 0, 0, 0),
(37202, '763  ', 7630046, 'ｶｶﾞﾜｹﾝ', 'ﾏﾙｶﾞﾒｼ', 'ﾅﾝｼﾞｮｳﾏﾁ', '香川県', '丸亀市', '南条町', 0, 0, 0, 0, 0, 0),
(37202, '763  ', 7630041, 'ｶｶﾞﾜｹﾝ', 'ﾏﾙｶﾞﾒｼ', 'ﾆｼﾋﾗﾔﾏﾁｮｳ', '香川県', '丸亀市', '西平山町', 0, 0, 0, 0, 0, 0),
(37202, '763  ', 7630047, 'ｶｶﾞﾜｹﾝ', 'ﾏﾙｶﾞﾒｼ', 'ﾆｼﾎﾝﾏﾁ', '香川県', '丸亀市', '西本町', 0, 0, 1, 0, 0, 0),
(37202, '763  ', 7630028, 'ｶｶﾞﾜｹﾝ', 'ﾏﾙｶﾞﾒｼ', 'ﾊﾁﾊﾞﾝﾁｮｳ', '香川県', '丸亀市', '八番丁', 0, 0, 0, 0, 0, 0),
(37202, '763  ', 7630022, 'ｶｶﾞﾜｹﾝ', 'ﾏﾙｶﾞﾒｼ', 'ﾊﾏﾏﾁ', '香川県', '丸亀市', '浜町', 0, 0, 0, 0, 0, 0),
(37202, '763  ', 7630075, 'ｶｶﾞﾜｹﾝ', 'ﾏﾙｶﾞﾒｼ', 'ﾊﾗﾀﾞﾀﾞﾝﾁ', '香川県', '丸亀市', '原田団地', 0, 0, 0, 0, 0, 0),
(37202, '763  ', 7630074, 'ｶｶﾞﾜｹﾝ', 'ﾏﾙｶﾞﾒｼ', 'ﾊﾗﾀﾞﾁｮｳ', '香川県', '丸亀市', '原田町', 0, 0, 0, 0, 0, 0),
(37202, '762  ', 7620084, 'ｶｶﾞﾜｹﾝ', 'ﾏﾙｶﾞﾒｼ', 'ﾊﾝｻﾞﾝﾁｮｳｶﾐﾎｳｸﾞﾝｼﾞ', '香川県', '丸亀市', '飯山町上法軍寺', 0, 0, 0, 0, 0, 0),
(37202, '762  ', 7620082, 'ｶｶﾞﾜｹﾝ', 'ﾏﾙｶﾞﾒｼ', 'ﾊﾝｻﾞﾝﾁｮｳｶﾜﾊﾗ', '香川県', '丸亀市', '飯山町川原', 0, 0, 0, 0, 0, 0),
(37202, '762  ', 7620086, 'ｶｶﾞﾜｹﾝ', 'ﾏﾙｶﾞﾒｼ', 'ﾊﾝｻﾞﾝﾁｮｳｻﾝﾄｷ', '香川県', '丸亀市', '飯山町真時', 0, 0, 0, 0, 0, 0),
(37202, '762  ', 7620083, 'ｶｶﾞﾜｹﾝ', 'ﾏﾙｶﾞﾒｼ', 'ﾊﾝｻﾞﾝﾁｮｳｼﾓﾎｳｸﾞﾝｼﾞ', '香川県', '丸亀市', '飯山町下法軍寺', 0, 0, 0, 0, 0, 0),
(37202, '762  ', 7620087, 'ｶｶﾞﾜｹﾝ', 'ﾏﾙｶﾞﾒｼ', 'ﾊﾝｻﾞﾝﾁｮｳﾆｼｻｶﾓﾄ', '香川県', '丸亀市', '飯山町西坂元', 0, 0, 0, 0, 0, 0),
(37202, '762  ', 7620085, 'ｶｶﾞﾜｹﾝ', 'ﾏﾙｶﾞﾒｼ', 'ﾊﾝｻﾞﾝﾁｮｳﾋｶﾞｼｵｶﾞﾜ', '香川県', '丸亀市', '飯山町東小川', 0, 0, 0, 0, 0, 0),
(37202, '762  ', 7620081, 'ｶｶﾞﾜｹﾝ', 'ﾏﾙｶﾞﾒｼ', 'ﾊﾝｻﾞﾝﾁｮｳﾋｶﾞｼｻｶﾓﾄ', '香川県', '丸亀市', '飯山町東坂元', 0, 0, 0, 0, 0, 0),
(37202, '76301', 7630105, 'ｶｶﾞﾜｹﾝ', 'ﾏﾙｶﾞﾒｼ', 'ﾋﾛｼﾏﾁｮｳｱｵｷ', '香川県', '丸亀市', '広島町青木', 0, 0, 0, 0, 0, 0),
(37202, '76301', 7630106, 'ｶｶﾞﾜｹﾝ', 'ﾏﾙｶﾞﾒｼ', 'ﾋﾛｼﾏﾁｮｳｲﾁｲ', '香川県', '丸亀市', '広島町市井', 0, 0, 0, 0, 0, 0),
(37202, '76301', 7630102, 'ｶｶﾞﾜｹﾝ', 'ﾏﾙｶﾞﾒｼ', 'ﾋﾛｼﾏﾁｮｳｴﾉｳﾗ', '香川県', '丸亀市', '広島町江の浦', 0, 0, 0, 0, 0, 0),
(37202, '76301', 7630108, 'ｶｶﾞﾜｹﾝ', 'ﾏﾙｶﾞﾒｼ', 'ﾋﾛｼﾏﾁｮｳｵﾃｼﾏ', '香川県', '丸亀市', '広島町小手島', 0, 0, 0, 0, 0, 0),
(37202, '76301', 7630103, 'ｶｶﾞﾜｹﾝ', 'ﾏﾙｶﾞﾒｼ', 'ﾋﾛｼﾏﾁｮｳｶﾏﾉｺｼ', '香川県', '丸亀市', '広島町釜の越', 0, 0, 0, 0, 0, 0),
(37202, '76301', 7630104, 'ｶｶﾞﾜｹﾝ', 'ﾏﾙｶﾞﾒｼ', 'ﾋﾛｼﾏﾁｮｳｺｳﾛ', '香川県', '丸亀市', '広島町甲路', 0, 0, 0, 0, 0, 0),
(37202, '76301', 7630101, 'ｶｶﾞﾜｹﾝ', 'ﾏﾙｶﾞﾒｼ', 'ﾋﾛｼﾏﾁｮｳﾀﾃｲｼ', '香川県', '丸亀市', '広島町立石', 0, 0, 0, 0, 0, 0),
(37202, '76301', 7630107, 'ｶｶﾞﾜｹﾝ', 'ﾏﾙｶﾞﾒｼ', 'ﾋﾛｼﾏﾁｮｳﾓｳﾗ', '香川県', '丸亀市', '広島町茂浦', 0, 0, 0, 0, 0, 0),
(37202, '763  ', 7630044, 'ｶｶﾞﾜｹﾝ', 'ﾏﾙｶﾞﾒｼ', 'ﾌｸｼﾏﾁｮｳ', '香川県', '丸亀市', '福島町', 0, 0, 0, 0, 0, 0),
(37202, '763  ', 7630011, 'ｶｶﾞﾜｹﾝ', 'ﾏﾙｶﾞﾒｼ', 'ﾌｼﾞﾐﾁｮｳ', '香川県', '丸亀市', '富士見町', 0, 0, 1, 0, 0, 0),
(37202, '763  ', 7630001, 'ｶｶﾞﾜｹﾝ', 'ﾏﾙｶﾞﾒｼ', 'ﾌﾙﾀｲﾏﾁ', '香川県', '丸亀市', '風袋町', 0, 0, 0, 0, 0, 0),
(37202, '763  ', 7630062, 'ｶｶﾞﾜｹﾝ', 'ﾏﾙｶﾞﾒｼ', 'ﾎｳﾗｲﾁｮｳ', '香川県', '丸亀市', '蓬莱町', 0, 0, 0, 0, 0, 0),
(37202, '76302', 7630225, 'ｶｶﾞﾜｹﾝ', 'ﾏﾙｶﾞﾒｼ', 'ﾎﾝｼﾞﾏﾁｮｳｲｸﾉﾊﾏ', '香川県', '丸亀市', '本島町生ノ浜', 0, 0, 0, 0, 0, 0),
(37202, '76302', 7630228, 'ｶｶﾞﾜｹﾝ', 'ﾏﾙｶﾞﾒｼ', 'ﾎﾝｼﾞﾏﾁｮｳｵｵｳﾗ', '香川県', '丸亀市', '本島町大浦', 0, 0, 0, 0, 0, 0),
(37202, '76302', 7630221, 'ｶｶﾞﾜｹﾝ', 'ﾏﾙｶﾞﾒｼ', 'ﾎﾝｼﾞﾏﾁｮｳｶｻｼﾏ', '香川県', '丸亀市', '本島町笠島', 0, 0, 0, 0, 0, 0),
(37202, '76302', 7630222, 'ｶｶﾞﾜｹﾝ', 'ﾏﾙｶﾞﾒｼ', 'ﾎﾝｼﾞﾏﾁｮｳｺｳｼｮｳ', '香川県', '丸亀市', '本島町甲生', 0, 0, 0, 0, 0, 0),
(37202, '76302', 7630224, 'ｶｶﾞﾜｹﾝ', 'ﾏﾙｶﾞﾒｼ', 'ﾎﾝｼﾞﾏﾁｮｳｺｻｶ', '香川県', '丸亀市', '本島町小阪', 0, 0, 0, 0, 0, 0),
(37202, '76302', 7630226, 'ｶｶﾞﾜｹﾝ', 'ﾏﾙｶﾞﾒｼ', 'ﾎﾝｼﾞﾏﾁｮｳｼﾘﾊﾏ', '香川県', '丸亀市', '本島町尻浜', 0, 0, 0, 0, 0, 0),
(37202, '76302', 7630223, 'ｶｶﾞﾜｹﾝ', 'ﾏﾙｶﾞﾒｼ', 'ﾎﾝｼﾞﾏﾁｮｳﾄﾏﾘ', '香川県', '丸亀市', '本島町泊', 0, 0, 0, 0, 0, 0),
(37202, '76302', 7630227, 'ｶｶﾞﾜｹﾝ', 'ﾏﾙｶﾞﾒｼ', 'ﾎﾝｼﾞﾏﾁｮｳﾌｸﾀﾞ', '香川県', '丸亀市', '本島町福田', 0, 0, 0, 0, 0, 0),
(37202, '763  ', 7630023, 'ｶｶﾞﾜｹﾝ', 'ﾏﾙｶﾞﾒｼ', 'ﾎﾝﾏﾁ', '香川県', '丸亀市', '本町', 0, 0, 0, 0, 0, 0),
(37202, '763  ', 7630064, 'ｶｶﾞﾜｹﾝ', 'ﾏﾙｶﾞﾒｼ', 'ﾏｴｼﾞｵﾔﾁｮｳ', '香川県', '丸亀市', '前塩屋町', 0, 0, 1, 0, 0, 0),
(37202, '763  ', 7630005, 'ｶｶﾞﾜｹﾝ', 'ﾏﾙｶﾞﾒｼ', 'ﾏﾂﾔﾁｮｳ', '香川県', '丸亀市', '松屋町', 0, 0, 0, 0, 0, 0),
(37202, '763  ', 7630042, 'ｶｶﾞﾜｹﾝ', 'ﾏﾙｶﾞﾒｼ', 'ﾐﾅﾄﾏﾁ', '香川県', '丸亀市', '港町', 0, 0, 0, 0, 0, 0),
(37202, '763  ', 7630072, 'ｶｶﾞﾜｹﾝ', 'ﾏﾙｶﾞﾒｼ', 'ﾔﾏﾉｷﾀﾁｮｳ', '香川県', '丸亀市', '山北町', 0, 0, 0, 0, 0, 0),
(37202, '763  ', 7630026, 'ｶｶﾞﾜｹﾝ', 'ﾏﾙｶﾞﾒｼ', 'ﾛｸﾊﾞﾝﾁｮｳ', '香川県', '丸亀市', '六番丁', 0, 0, 0, 0, 0, 0),
(37203, '762  ', 7620000, 'ｶｶﾞﾜｹﾝ', 'ｻｶｲﾃﾞｼ', 'ｲｶﾆｹｲｻｲｶﾞﾅｲﾊﾞｱｲ', '香川県', '坂出市', '以下に掲載がない場合', 0, 0, 0, 0, 0, 0),
(37203, '762  ', 7620037, 'ｶｶﾞﾜｹﾝ', 'ｻｶｲﾃﾞｼ', 'ｱｵﾊﾞﾁｮｳ', '香川県', '坂出市', '青葉町', 0, 0, 0, 0, 0, 0),
(37203, '762  ', 7620006, 'ｶｶﾞﾜｹﾝ', 'ｻｶｲﾃﾞｼ', 'ｱｻﾋﾁｮｳ', '香川県', '坂出市', '旭町', 0, 0, 1, 0, 0, 0),
(37203, '762  ', 7620035, 'ｶｶﾞﾜｹﾝ', 'ｻｶｲﾃﾞｼ', 'ｲｹｿﾞﾉﾁｮｳ', '香川県', '坂出市', '池園町', 0, 0, 0, 0, 0, 0),
(37203, '762  ', 7620002, 'ｶｶﾞﾜｹﾝ', 'ｻｶｲﾃﾞｼ', 'ｲﾘﾌﾈﾁｮｳ', '香川県', '坂出市', '入船町', 0, 0, 1, 0, 0, 0),
(37203, '762  ', 7620072, 'ｶｶﾞﾜｹﾝ', 'ｻｶｲﾃﾞｼ', 'ｲﾜｸﾛ', '香川県', '坂出市', '岩黒', 0, 0, 0, 0, 0, 0),
(37203, '762  ', 7620011, 'ｶｶﾞﾜｹﾝ', 'ｻｶｲﾃﾞｼ', 'ｴｼﾞﾘﾁｮｳ', '香川県', '坂出市', '江尻町', 0, 0, 0, 0, 0, 0),
(37203, '762  ', 7620014, 'ｶｶﾞﾜｹﾝ', 'ｻｶｲﾃﾞｼ', 'ｵｳｺﾞｼﾁｮｳｷｻﾜ', '香川県', '坂出市', '王越町木沢', 0, 0, 0, 0, 0, 0),
(37203, '762  ', 7620013, 'ｶｶﾞﾜｹﾝ', 'ｻｶｲﾃﾞｼ', 'ｵｳｺﾞｼﾁｮｳﾉｳ', '香川県', '坂出市', '王越町乃生', 0, 0, 0, 0, 0, 0),
(37203, '762  ', 7620016, 'ｶｶﾞﾜｹﾝ', 'ｻｶｲﾃﾞｼ', 'ｵｳﾐﾁｮｳ', '香川県', '坂出市', '青海町', 0, 0, 0, 0, 0, 0),
(37203, '762  ', 7620027, 'ｶｶﾞﾜｹﾝ', 'ｻｶｲﾃﾞｼ', 'ｵｵｲｹﾁｮｳ', '香川県', '坂出市', '大池町', 0, 0, 0, 0, 0, 0),
(37203, '762  ', 7620015, 'ｶｶﾞﾜｹﾝ', 'ｻｶｲﾃﾞｼ', 'ｵｵﾔﾌﾞﾁｮｳ', '香川県', '坂出市', '大屋冨町', 0, 0, 0, 0, 0, 0),
(37203, '762  ', 7620052, 'ｶｶﾞﾜｹﾝ', 'ｻｶｲﾃﾞｼ', 'ｵｷﾉﾊﾏ', '香川県', '坂出市', '沖の浜', 0, 0, 0, 0, 0, 0),
(37203, '762  ', 7620038, 'ｶｶﾞﾜｹﾝ', 'ｻｶｲﾃﾞｼ', 'ｶｻﾞｼﾁｮｳ', '香川県', '坂出市', '笠指町', 0, 0, 0, 0, 0, 0),
(37203, '762  ', 7620022, 'ｶｶﾞﾜｹﾝ', 'ｻｶｲﾃﾞｼ', 'ｶﾓﾁｮｳｺｳ(ｳｼﾞﾍﾞ)', '香川県', '坂出市', '加茂町甲（氏部）', 0, 0, 0, 0, 0, 0),
(37203, '762  ', 7620023, 'ｶｶﾞﾜｹﾝ', 'ｻｶｲﾃﾞｼ', 'ｶﾓﾁｮｳ(ｿﾉﾀ)', '香川県', '坂出市', '加茂町（その他）', 0, 0, 0, 0, 0, 0),
(37203, '762  ', 7620062, 'ｶｶﾞﾜｹﾝ', 'ｻｶｲﾃﾞｼ', 'ｶﾜｻｷﾁｮｳ', '香川県', '坂出市', '川崎町', 0, 0, 0, 0, 0, 0),
(37203, '762  ', 7620025, 'ｶｶﾞﾜｹﾝ', 'ｻｶｲﾃﾞｼ', 'ｶﾜﾂﾁｮｳ', '香川県', '坂出市', '川津町', 0, 0, 0, 0, 0, 0),
(37203, '762  ', 7620018, 'ｶｶﾞﾜｹﾝ', 'ｻｶｲﾃﾞｼ', 'ｶﾝﾀﾞﾆﾁｮｳ', '香川県', '坂出市', '神谷町', 0, 0, 0, 0, 0, 0),
(37203, '762  ', 7620001, 'ｶｶﾞﾜｹﾝ', 'ｻｶｲﾃﾞｼ', 'ｷｮｳﾏﾁ', '香川県', '坂出市', '京町', 0, 0, 1, 0, 0, 0),
(37203, '762  ', 7620003, 'ｶｶﾞﾜｹﾝ', 'ｻｶｲﾃﾞｼ', 'ｸﾒﾁｮｳ', '香川県', '坂出市', '久米町', 0, 0, 1, 0, 0, 0),
(37203, '762  ', 7620043, 'ｶｶﾞﾜｹﾝ', 'ｻｶｲﾃﾞｼ', 'ｺﾄﾌﾞｷﾁｮｳ', '香川県', '坂出市', '寿町', 0, 0, 1, 0, 0, 0),
(37203, '762  ', 7620051, 'ｶｶﾞﾜｹﾝ', 'ｻｶｲﾃﾞｼ', 'ｺﾞﾌﾞｼｮﾁｮｳ', '香川県', '坂出市', '御供所町', 0, 0, 1, 0, 0, 0),
(37203, '762  ', 7620032, 'ｶｶﾞﾜｹﾝ', 'ｻｶｲﾃﾞｼ', 'ｺﾏﾄﾞﾒﾁｮｳ', '香川県', '坂出市', '駒止町', 0, 0, 1, 0, 0, 0),
(37203, '762  ', 7620026, 'ｶｶﾞﾜｹﾝ', 'ｻｶｲﾃﾞｼ', 'ｺﾔﾏﾁｮｳ', '香川県', '坂出市', '小山町', 0, 0, 0, 0, 0, 0),
(37203, '762  ', 7620061, 'ｶｶﾞﾜｹﾝ', 'ｻｶｲﾃﾞｼ', 'ｻｶｲﾃﾞﾁｮｳ', '香川県', '坂出市', '坂出町', 0, 0, 0, 0, 0, 0),
(37203, '762  ', 7620066, 'ｶｶﾞﾜｹﾝ', 'ｻｶｲﾃﾞｼ', 'ｼｬﾐｼﾞﾏ', '香川県', '坂出市', '沙弥島', 0, 0, 0, 0, 0, 0),
(37203, '762  ', 7620004, 'ｶｶﾞﾜｹﾝ', 'ｻｶｲﾃﾞｼ', 'ｼｮｳﾜﾁｮｳ', '香川県', '坂出市', '昭和町', 0, 0, 1, 0, 0, 0),
(37203, '762  ', 7620042, 'ｶｶﾞﾜｹﾝ', 'ｻｶｲﾃﾞｼ', 'ｼﾛｶﾞﾈﾁｮｳ', '香川県', '坂出市', '白金町', 0, 0, 1, 0, 0, 0),
(37203, '762  ', 7620047, 'ｶｶﾞﾜｹﾝ', 'ｻｶｲﾃﾞｼ', 'ｼﾝﾊﾏﾁｮｳ', '香川県', '坂出市', '新浜町', 0, 0, 0, 0, 0, 0),
(37203, '762  ', 7620067, 'ｶｶﾞﾜｹﾝ', 'ｻｶｲﾃﾞｼ', 'ｾｲﾁｮｳ', '香川県', '坂出市', '瀬居町', 0, 0, 0, 0, 0, 0),
(37203, '762  ', 7620017, 'ｶｶﾞﾜｹﾝ', 'ｻｶｲﾃﾞｼ', 'ﾀｶﾔﾁｮｳ', '香川県', '坂出市', '高屋町', 0, 0, 0, 0, 0, 0),
(37203, '762  ', 7620033, 'ｶｶﾞﾜｹﾝ', 'ｻｶｲﾃﾞｼ', 'ﾀﾆﾏﾁ', '香川県', '坂出市', '谷町', 0, 0, 1, 0, 0, 0),
(37203, '762  ', 7620055, 'ｶｶﾞﾜｹﾝ', 'ｻｶｲﾃﾞｼ', 'ﾁｯｺｳﾁｮｳ', '香川県', '坂出市', '築港町', 0, 0, 1, 0, 0, 0),
(37203, '762  ', 7620056, 'ｶｶﾞﾜｹﾝ', 'ｻｶｲﾃﾞｼ', 'ﾁｭｳｵｳﾁｮｳ', '香川県', '坂出市', '中央町', 0, 0, 0, 0, 0, 0),
(37203, '762  ', 7620058, 'ｶｶﾞﾜｹﾝ', 'ｻｶｲﾃﾞｼ', 'ﾄｷﾜﾁｮｳ', '香川県', '坂出市', '常盤町', 0, 0, 1, 0, 0, 0),
(37203, '762  ', 7620054, 'ｶｶﾞﾜｹﾝ', 'ｻｶｲﾃﾞｼ', 'ﾆｼｵｵﾊﾏﾐﾅﾐ', '香川県', '坂出市', '西大浜南', 0, 0, 1, 0, 0, 0),
(37203, '762  ', 7620053, 'ｶｶﾞﾜｹﾝ', 'ｻｶｲﾃﾞｼ', 'ﾆｼｵｵﾊﾏｷﾀ', '香川県', '坂出市', '西大浜北', 0, 0, 1, 0, 0, 0),
(37203, '762  ', 7620021, 'ｶｶﾞﾜｹﾝ', 'ｻｶｲﾃﾞｼ', 'ﾆｼﾉｼｮｳﾁｮｳ', '香川県', '坂出市', '西庄町', 0, 0, 0, 0, 0, 0),
(37203, '762  ', 7620041, 'ｶｶﾞﾜｹﾝ', 'ｻｶｲﾃﾞｼ', 'ﾊﾁﾏﾝﾁｮｳ', '香川県', '坂出市', '八幡町', 0, 0, 1, 0, 0, 0),
(37203, '762  ', 7620036, 'ｶｶﾞﾜｹﾝ', 'ｻｶｲﾃﾞｼ', 'ﾊﾅﾏﾁ', '香川県', '坂出市', '花町', 0, 0, 0, 0, 0, 0),
(37203, '762  ', 7620012, 'ｶｶﾞﾜｹﾝ', 'ｻｶｲﾃﾞｼ', 'ﾊﾔｼﾀﾞﾁｮｳ', '香川県', '坂出市', '林田町', 0, 0, 0, 0, 0, 0),
(37203, '762  ', 7620063, 'ｶｶﾞﾜｹﾝ', 'ｻｶｲﾃﾞｼ', 'ﾊﾞﾝﾉｽｺｳｴﾝ', '香川県', '坂出市', '番の州公園', 0, 0, 0, 0, 0, 0),
(37203, '762  ', 7620064, 'ｶｶﾞﾜｹﾝ', 'ｻｶｲﾃﾞｼ', 'ﾊﾞﾝﾉｽﾁｮｳ', '香川県', '坂出市', '番の州町', 0, 0, 0, 0, 0, 0),
(37203, '762  ', 7620065, 'ｶｶﾞﾜｹﾝ', 'ｻｶｲﾃﾞｼ', 'ﾊﾞﾝﾉｽﾐﾄﾞﾘﾁｮｳ', '香川県', '坂出市', '番の州緑町', 0, 0, 0, 0, 0, 0),
(37203, '762  ', 7620073, 'ｶｶﾞﾜｹﾝ', 'ｻｶｲﾃﾞｼ', 'ﾋﾂｲｼ', '香川県', '坂出市', '櫃石', 0, 0, 0, 0, 0, 0),
(37203, '762  ', 7620034, 'ｶｶﾞﾜｹﾝ', 'ｻｶｲﾃﾞｼ', 'ﾌｸｴﾁｮｳ', '香川県', '坂出市', '福江町', 0, 0, 1, 0, 0, 0),
(37203, '762  ', 7620046, 'ｶｶﾞﾜｹﾝ', 'ｻｶｲﾃﾞｼ', 'ﾌｼﾞﾐﾁｮｳ', '香川県', '坂出市', '富士見町', 0, 0, 1, 0, 0, 0),
(37203, '762  ', 7620024, 'ｶｶﾞﾜｹﾝ', 'ｻｶｲﾃﾞｼ', 'ﾌﾁｭｳﾁｮｳ', '香川県', '坂出市', '府中町', 0, 0, 0, 0, 0, 0),
(37203, '762  ', 7620031, 'ｶｶﾞﾜｹﾝ', 'ｻｶｲﾃﾞｼ', 'ﾌﾞﾝｷｮｳﾁｮｳ', '香川県', '坂出市', '文京町', 0, 0, 1, 0, 0, 0),
(37203, '762  ', 7620044, 'ｶｶﾞﾜｹﾝ', 'ｻｶｲﾃﾞｼ', 'ﾎﾝﾏﾁ', '香川県', '坂出市', '本町', 0, 0, 1, 0, 0, 0),
(37203, '762  ', 7620057, 'ｶｶﾞﾜｹﾝ', 'ｻｶｲﾃﾞｼ', 'ﾐﾔｼﾀﾁｮｳ', '香川県', '坂出市', '宮下町', 0, 0, 0, 0, 0, 0),
(37203, '762  ', 7620007, 'ｶｶﾞﾜｹﾝ', 'ｻｶｲﾃﾞｼ', 'ﾑﾛﾏﾁ', '香川県', '坂出市', '室町', 0, 0, 1, 0, 0, 0),
(37203, '762  ', 7620045, 'ｶｶﾞﾜｹﾝ', 'ｻｶｲﾃﾞｼ', 'ﾓﾄﾏﾁ', '香川県', '坂出市', '元町', 0, 0, 1, 0, 0, 0),
(37203, '762  ', 7620005, 'ｶｶﾞﾜｹﾝ', 'ｻｶｲﾃﾞｼ', 'ﾖｺﾂﾞﾁｮｳ', '香川県', '坂出市', '横津町', 0, 0, 1, 0, 0, 0),
(37203, '762  ', 7620071, 'ｶｶﾞﾜｹﾝ', 'ｻｶｲﾃﾞｼ', 'ﾖｼﾏﾁｮｳ', '香川県', '坂出市', '与島町', 0, 0, 0, 0, 0, 0),
(37204, '765  ', 7650000, 'ｶｶﾞﾜｹﾝ', 'ｾﾞﾝﾂｳｼﾞｼ', 'ｲｶﾆｹｲｻｲｶﾞﾅｲﾊﾞｱｲ', '香川県', '善通寺市', '以下に掲載がない場合', 0, 0, 0, 0, 0, 0),
(37204, '765  ', 7650053, 'ｶｶﾞﾜｹﾝ', 'ｾﾞﾝﾂｳｼﾞｼ', 'ｲｶﾉﾁｮｳ', '香川県', '善通寺市', '生野町', 0, 0, 0, 0, 0, 0),
(37204, '765  ', 7650014, 'ｶｶﾞﾜｹﾝ', 'ｾﾞﾝﾂｳｼﾞｼ', 'ｲｶﾉﾎﾝﾏﾁ', '香川県', '善通寺市', '生野本町', 0, 0, 1, 0, 0, 0),
(37204, '765  ', 7650022, 'ｶｶﾞﾜｹﾝ', 'ｾﾞﾝﾂｳｼﾞｼ', 'ｲﾅｷﾞﾁｮｳ', '香川県', '善通寺市', '稲木町', 0, 0, 0, 0, 0, 0),
(37204, '765  ', 7650052, 'ｶｶﾞﾜｹﾝ', 'ｾﾞﾝﾂｳｼﾞｼ', 'ｵｵｻﾁｮｳ', '香川県', '善通寺市', '大麻町', 0, 0, 0, 0, 0, 0),
(37204, '765  ', 7650011, 'ｶｶﾞﾜｹﾝ', 'ｾﾞﾝﾂｳｼﾞｼ', 'ｶﾐﾖｼﾀﾞﾁｮｳ(ﾁｮｳﾒ)', '香川県', '善通寺市', '上吉田町（丁目）', 1, 0, 1, 0, 0, 0),
(37204, '765  ', 7650012, 'ｶｶﾞﾜｹﾝ', 'ｾﾞﾝﾂｳｼﾞｼ', 'ｶﾐﾖｼﾀﾞﾁｮｳ(ｿﾉﾀ)', '香川県', '善通寺市', '上吉田町（その他）', 1, 0, 1, 0, 0, 0),
(37204, '765  ', 7650033, 'ｶｶﾞﾜｹﾝ', 'ｾﾞﾝﾂｳｼﾞｼ', 'ｷﾄｸﾁｮｳ', '香川県', '善通寺市', '木徳町', 0, 0, 0, 0, 0, 0),
(37204, '765  ', 7650051, 'ｶｶﾞﾜｹﾝ', 'ｾﾞﾝﾂｳｼﾞｼ', 'ｸｼﾅｼﾁｮｳ', '香川県', '善通寺市', '櫛梨町', 0, 0, 0, 0, 0, 0),
(37204, '765  ', 7650031, 'ｶｶﾞﾜｹﾝ', 'ｾﾞﾝﾂｳｼﾞｼ', 'ｺﾝｿﾞｳｼﾞﾁｮｳ', '香川県', '善通寺市', '金蔵寺町', 0, 0, 0, 0, 0, 0),
(37204, '765  ', 7650021, 'ｶｶﾞﾜｹﾝ', 'ｾﾞﾝﾂｳｼﾞｼ', 'ｼﾓﾖｼﾀﾞﾁｮｳ', '香川県', '善通寺市', '下吉田町', 0, 0, 0, 0, 0, 0),
(37204, '765  ', 7650003, 'ｶｶﾞﾜｹﾝ', 'ｾﾞﾝﾂｳｼﾞｼ', 'ｾﾞﾝﾂｳｼﾞﾁｮｳ(ﾁｮｳﾒ)', '香川県', '善通寺市', '善通寺町（丁目）', 1, 0, 1, 0, 0, 0),
(37204, '765  ', 7650004, 'ｶｶﾞﾜｹﾝ', 'ｾﾞﾝﾂｳｼﾞｼ', 'ｾﾞﾝﾂｳｼﾞﾁｮｳ(ｿﾉﾀ)', '香川県', '善通寺市', '善通寺町（その他）', 1, 0, 1, 0, 0, 0),
(37204, '765  ', 7650001, 'ｶｶﾞﾜｹﾝ', 'ｾﾞﾝﾂｳｼﾞｼ', 'ｾﾝﾕｳﾁｮｳ', '香川県', '善通寺市', '仙遊町', 0, 0, 1, 0, 0, 0),
(37204, '765  ', 7650072, 'ｶｶﾞﾜｹﾝ', 'ｾﾞﾝﾂｳｼﾞｼ', 'ﾅｶﾑﾗﾁｮｳ(ﾁｮｳﾒ)', '香川県', '善通寺市', '中村町（丁目）', 1, 0, 1, 0, 0, 0),
(37204, '765  ', 7650073, 'ｶｶﾞﾜｹﾝ', 'ｾﾞﾝﾂｳｼﾞｼ', 'ﾅｶﾑﾗﾁｮｳ(ｿﾉﾀ)', '香川県', '善通寺市', '中村町（その他）', 1, 0, 1, 0, 0, 0),
(37204, '765  ', 7650032, 'ｶｶﾞﾜｹﾝ', 'ｾﾞﾝﾂｳｼﾞｼ', 'ﾊﾗﾀﾞﾁｮｳ', '香川県', '善通寺市', '原田町', 0, 0, 0, 0, 0, 0),
(37204, '765  ', 7650062, 'ｶｶﾞﾜｹﾝ', 'ｾﾞﾝﾂｳｼﾞｼ', 'ﾋﾄﾞﾉﾁｮｳ', '香川県', '善通寺市', '碑殿町', 0, 0, 0, 0, 0, 0),
(37204, '765  ', 7650071, 'ｶｶﾞﾜｹﾝ', 'ｾﾞﾝﾂｳｼﾞｼ', 'ﾋﾛﾀﾁｮｳ', '香川県', '善通寺市', '弘田町', 0, 0, 0, 0, 0, 0),
(37204, '765  ', 7650013, 'ｶｶﾞﾜｹﾝ', 'ｾﾞﾝﾂｳｼﾞｼ', 'ﾌﾞﾝｷｮｳﾁｮｳ', '香川県', '善通寺市', '文京町', 0, 0, 1, 0, 0, 0),
(37204, '765  ', 7650002, 'ｶｶﾞﾜｹﾝ', 'ｾﾞﾝﾂｳｼﾞｼ', 'ﾐﾅﾐﾏﾁ', '香川県', '善通寺市', '南町', 0, 0, 1, 0, 0, 0),
(37204, '765  ', 7650040, 'ｶｶﾞﾜｹﾝ', 'ｾﾞﾝﾂｳｼﾞｼ', 'ﾖｷﾞﾀﾁｮｳ', '香川県', '善通寺市', '与北町', 0, 0, 0, 0, 0, 0),
(37204, '765  ', 7650061, 'ｶｶﾞﾜｹﾝ', 'ｾﾞﾝﾂｳｼﾞｼ', 'ﾖｼﾜﾗﾁｮｳ', '香川県', '善通寺市', '吉原町', 0, 0, 0, 0, 0, 0),
(37205, '768  ', 7680000, 'ｶｶﾞﾜｹﾝ', 'ｶﾝｵﾝｼﾞｼ', 'ｲｶﾆｹｲｻｲｶﾞﾅｲﾊﾞｱｲ', '香川県', '観音寺市', '以下に掲載がない場合', 0, 0, 0, 0, 0, 0),
(37205, '768  ', 7680062, 'ｶｶﾞﾜｹﾝ', 'ｶﾝｵﾝｼﾞｼ', 'ｱﾘｱｹﾁｮｳ', '香川県', '観音寺市', '有明町', 0, 0, 0, 0, 0, 0),
(37205, '768  ', 7680052, 'ｶｶﾞﾜｹﾝ', 'ｶﾝｵﾝｼﾞｼ', 'ｱﾜｲﾁｮｳ', '香川県', '観音寺市', '粟井町', 0, 0, 0, 0, 0, 0),
(37205, '768  ', 7680031, 'ｶｶﾞﾜｹﾝ', 'ｶﾝｵﾝｼﾞｼ', 'ｲｹﾉｼﾘﾁｮｳ', '香川県', '観音寺市', '池之尻町', 0, 0, 0, 0, 0, 0),
(37205, '768  ', 7680071, 'ｶｶﾞﾜｹﾝ', 'ｶﾝｵﾝｼﾞｼ', 'ｲﾌﾞｷﾁｮｳ', '香川県', '観音寺市', '伊吹町', 0, 0, 0, 0, 0, 0),
(37205, '768  ', 7680012, 'ｶｶﾞﾜｹﾝ', 'ｶﾝｵﾝｼﾞｼ', 'ｳｴﾀﾞﾁｮｳ', '香川県', '観音寺市', '植田町', 0, 0, 0, 0, 0, 0),
(37205, '76916', 7691617, 'ｶｶﾞﾜｹﾝ', 'ｶﾝｵﾝｼﾞｼ', 'ｵｵﾉﾊﾗﾁｮｳｱｵｵｶ', '香川県', '観音寺市', '大野原町青岡', 0, 0, 0, 0, 0, 0),
(37205, '76916', 7691624, 'ｶｶﾞﾜｹﾝ', 'ｶﾝｵﾝｼﾞｼ', 'ｵｵﾉﾊﾗﾁｮｳｱﾘｷ', '香川県', '観音寺市', '大野原町有木', 0, 0, 0, 0, 0, 0),
(37205, '76916', 7691621, 'ｶｶﾞﾜｹﾝ', 'ｶﾝｵﾝｼﾞｼ', 'ｵｵﾉﾊﾗﾁｮｳｲｾｷ', '香川県', '観音寺市', '大野原町井関', 0, 0, 0, 0, 0, 0),
(37205, '76916', 7691622, 'ｶｶﾞﾜｹﾝ', 'ｶﾝｵﾝｼﾞｼ', 'ｵｵﾉﾊﾗﾁｮｳｳﾁﾉﾉ', '香川県', '観音寺市', '大野原町内野々', 0, 0, 0, 0, 0, 0),
(37205, '76916', 7691625, 'ｶｶﾞﾜｹﾝ', 'ｶﾝｵﾝｼﾞｼ', 'ｵｵﾉﾊﾗﾁｮｳｴﾋﾞｽｸｲ', '香川県', '観音寺市', '大野原町海老済', 0, 0, 0, 0, 0, 0),
(37205, '76916', 7691611, 'ｶｶﾞﾜｹﾝ', 'ｶﾝｵﾝｼﾞｼ', 'ｵｵﾉﾊﾗﾁｮｳｵｵﾉﾊﾗ', '香川県', '観音寺市', '大野原町大野原', 0, 0, 0, 0, 0, 0),
(37205, '76916', 7691623, 'ｶｶﾞﾜｹﾝ', 'ｶﾝｵﾝｼﾞｼ', 'ｵｵﾉﾊﾗﾁｮｳﾀﾉﾉ', '香川県', '観音寺市', '大野原町田野々', 0, 0, 0, 0, 0, 0),
(37205, '76916', 7691612, 'ｶｶﾞﾜｹﾝ', 'ｶﾝｵﾝｼﾞｼ', 'ｵｵﾉﾊﾗﾁｮｳﾅｶﾋﾒ', '香川県', '観音寺市', '大野原町中姫', 0, 0, 0, 0, 0, 0),
(37205, '76916', 7691614, 'ｶｶﾞﾜｹﾝ', 'ｶﾝｵﾝｼﾞｼ', 'ｵｵﾉﾊﾗﾁｮｳﾊｷﾞﾜﾗ', '香川県', '観音寺市', '大野原町萩原', 0, 0, 0, 0, 0, 0),
(37205, '76916', 7691613, 'ｶｶﾞﾜｹﾝ', 'ｶﾝｵﾝｼﾞｼ', 'ｵｵﾉﾊﾗﾁｮｳﾊﾅｲﾅ', '香川県', '観音寺市', '大野原町花稲', 0, 0, 0, 0, 0, 0),
(37205, '76916', 7691616, 'ｶｶﾞﾜｹﾝ', 'ｶﾝｵﾝｼﾞｼ', 'ｵｵﾉﾊﾗﾁｮｳﾌｸﾀﾞﾊﾗ', '香川県', '観音寺市', '大野原町福田原', 0, 0, 0, 0, 0, 0),
(37205, '76916', 7691615, 'ｶｶﾞﾜｹﾝ', 'ｶﾝｵﾝｼﾞｼ', 'ｵｵﾉﾊﾗﾁｮｳﾏﾙｲ', '香川県', '観音寺市', '大野原町丸井', 0, 0, 0, 0, 0, 0),
(37205, '768  ', 7680060, 'ｶｶﾞﾜｹﾝ', 'ｶﾝｵﾝｼﾞｼ', 'ｶﾝｵﾝｼﾞﾁｮｳ', '香川県', '観音寺市', '観音寺町', 0, 0, 0, 0, 0, 0),
(37205, '768  ', 7680051, 'ｶｶﾞﾜｹﾝ', 'ｶﾝｵﾝｼﾞｼ', 'ｷﾉｺﾞｳﾁｮｳ', '香川県', '観音寺市', '木之郷町', 0, 0, 0, 0, 0, 0),
(37205, '768  ', 7680040, 'ｶｶﾞﾜｹﾝ', 'ｶﾝｵﾝｼﾞｼ', 'ｸﾆﾀﾁｮｳ', '香川県', '観音寺市', '柞田町', 0, 0, 0, 0, 0, 0),
(37205, '768  ', 7680064, 'ｶｶﾞﾜｹﾝ', 'ｶﾝｵﾝｼﾞｼ', 'ｺﾄﾅﾐﾁｮｳ', '香川県', '観音寺市', '琴浪町', 0, 0, 1, 0, 0, 0),
(37205, '768  ', 7680074, 'ｶｶﾞﾜｹﾝ', 'ｶﾝｵﾝｼﾞｼ', 'ｻｲﾜｲﾁｮｳ', '香川県', '観音寺市', '幸町', 0, 0, 0, 0, 0, 0),
(37205, '768  ', 7680072, 'ｶｶﾞﾜｹﾝ', 'ｶﾝｵﾝｼﾞｼ', 'ｻｶｴﾏﾁ', '香川県', '観音寺市', '栄町', 0, 0, 1, 0, 0, 0),
(37205, '768  ', 7680067, 'ｶｶﾞﾜｹﾝ', 'ｶﾝｵﾝｼﾞｼ', 'ｻｶﾓﾄﾁｮｳ', '香川県', '観音寺市', '坂本町', 0, 0, 1, 0, 0, 0),
(37205, '768  ', 7680063, 'ｶｶﾞﾜｹﾝ', 'ｶﾝｵﾝｼﾞｼ', 'ｻﾝﾎﾞﾝﾏﾂﾁｮｳ', '香川県', '観音寺市', '三本松町', 0, 0, 1, 0, 0, 0),
(37205, '768  ', 7680069, 'ｶｶﾞﾜｹﾝ', 'ｶﾝｵﾝｼﾞｼ', 'ｼｹﾞｷﾁｮｳ', '香川県', '観音寺市', '茂木町', 0, 0, 0, 0, 0, 0),
(37205, '768  ', 7680073, 'ｶｶﾞﾜｹﾝ', 'ｶﾝｵﾝｼﾞｼ', 'ｼｹﾞﾆｼﾁｮｳ', '香川県', '観音寺市', '茂西町', 0, 0, 1, 0, 0, 0),
(37205, '768  ', 7680011, 'ｶｶﾞﾜｹﾝ', 'ｶﾝｵﾝｼﾞｼ', 'ｼｭﾂｻｸﾁｮｳ', '香川県', '観音寺市', '出作町', 0, 0, 0, 0, 0, 0),
(37205, '768  ', 7680066, 'ｶｶﾞﾜｹﾝ', 'ｶﾝｵﾝｼﾞｼ', 'ｼｮｳﾜﾁｮｳ', '香川県', '観音寺市', '昭和町', 0, 0, 0, 0, 0, 0),
(37205, '768  ', 7680033, 'ｶｶﾞﾜｹﾝ', 'ｶﾝｵﾝｼﾞｼ', 'ｼﾝﾃﾞﾝﾁｮｳ', '香川県', '観音寺市', '新田町', 0, 0, 0, 0, 0, 0),
(37205, '768  ', 7680065, 'ｶｶﾞﾜｹﾝ', 'ｶﾝｵﾝｼﾞｼ', 'ｾﾄﾁｮｳ', '香川県', '観音寺市', '瀬戸町', 0, 0, 1, 0, 0, 0),
(37205, '768  ', 7680002, 'ｶｶﾞﾜｹﾝ', 'ｶﾝｵﾝｼﾞｼ', 'ﾀｶﾔﾁｮｳ', '香川県', '観音寺市', '高屋町', 0, 0, 0, 0, 0, 0),
(37205, '768  ', 7680068, 'ｶｶﾞﾜｹﾝ', 'ｶﾝｵﾝｼﾞｼ', 'ﾃﾝｼﾞﾝﾁｮｳ', '香川県', '観音寺市', '天神町', 0, 0, 0, 0, 0, 0),
(37205, '76916', 7691601, 'ｶｶﾞﾜｹﾝ', 'ｶﾝｵﾝｼﾞｼ', 'ﾄﾖﾊﾏﾁｮｳﾋﾒﾊﾏ', '香川県', '観音寺市', '豊浜町姫浜', 0, 0, 0, 0, 0, 0),
(37205, '76916', 7691604, 'ｶｶﾞﾜｹﾝ', 'ｶﾝｵﾝｼﾞｼ', 'ﾄﾖﾊﾏﾁｮｳﾐﾉｳﾗ', '香川県', '観音寺市', '豊浜町箕浦', 0, 0, 0, 0, 0, 0),
(37205, '76916', 7691603, 'ｶｶﾞﾜｹﾝ', 'ｶﾝｵﾝｼﾞｼ', 'ﾄﾖﾊﾏﾁｮｳﾜﾀﾞ', '香川県', '観音寺市', '豊浜町和田', 0, 0, 0, 0, 0, 0),
(37205, '76916', 7691602, 'ｶｶﾞﾜｹﾝ', 'ｶﾝｵﾝｼﾞｼ', 'ﾄﾖﾊﾏﾁｮｳﾜﾀﾞﾊﾏ', '香川県', '観音寺市', '豊浜町和田浜', 0, 0, 0, 0, 0, 0),
(37205, '768  ', 7680024, 'ｶｶﾞﾜｹﾝ', 'ｶﾝｵﾝｼﾞｼ', 'ﾅｶﾀﾞｲﾁｮｳ', '香川県', '観音寺市', '中田井町', 0, 0, 0, 0, 0, 0),
(37205, '768  ', 7680014, 'ｶｶﾞﾜｹﾝ', 'ｶﾝｵﾝｼﾞｼ', 'ﾅｶﾞﾚｵｶﾁｮｳ', '香川県', '観音寺市', '流岡町', 0, 0, 0, 0, 0, 0),
(37205, '768  ', 7680077, 'ｶｶﾞﾜｹﾝ', 'ｶﾝｵﾝｼﾞｼ', 'ﾅｷﾞｾﾁｮｳ', '香川県', '観音寺市', '凪瀬町', 0, 0, 0, 0, 0, 0),
(37205, '768  ', 7680075, 'ｶｶﾞﾜｹﾝ', 'ｶﾝｵﾝｼﾞｼ', 'ﾆｼﾎﾝﾏﾁ', '香川県', '観音寺市', '西本町', 0, 0, 1, 0, 0, 0),
(37205, '768  ', 7680032, 'ｶｶﾞﾜｹﾝ', 'ｶﾝｵﾝｼﾞｼ', 'ﾊﾗﾁｮｳ', '香川県', '観音寺市', '原町', 0, 0, 0, 0, 0, 0),
(37205, '768  ', 7680023, 'ｶｶﾞﾜｹﾝ', 'ｶﾝｵﾝｼﾞｼ', 'ﾌﾙｶﾜﾁｮｳ', '香川県', '観音寺市', '古川町', 0, 0, 0, 0, 0, 0),
(37205, '768  ', 7680076, 'ｶｶﾞﾜｹﾝ', 'ｶﾝｵﾝｼﾞｼ', 'ﾐﾅﾄﾏﾁ', '香川県', '観音寺市', '港町', 0, 0, 1, 0, 0, 0),
(37205, '768  ', 7680070, 'ｶｶﾞﾜｹﾝ', 'ｶﾝｵﾝｼﾞｼ', 'ﾐﾅﾐﾏﾁ', '香川県', '観音寺市', '南町', 0, 0, 1, 0, 0, 0),
(37205, '768  ', 7680013, 'ｶｶﾞﾜｹﾝ', 'ｶﾝｵﾝｼﾞｼ', 'ﾑﾗｸﾞﾛﾁｮｳ', '香川県', '観音寺市', '村黒町', 0, 0, 0, 0, 0, 0),
(37205, '768  ', 7680001, 'ｶｶﾞﾜｹﾝ', 'ｶﾝｵﾝｼﾞｼ', 'ﾑﾛﾓﾄﾁｮｳ', '香川県', '観音寺市', '室本町', 0, 0, 0, 0, 0, 0),
(37205, '768  ', 7680022, 'ｶｶﾞﾜｹﾝ', 'ｶﾝｵﾝｼﾞｼ', 'ﾓﾄﾀﾞｲﾁｮｳ', '香川県', '観音寺市', '本大町', 0, 0, 0, 0, 0, 0),
(37205, '768  ', 7680061, 'ｶｶﾞﾜｹﾝ', 'ｶﾝｵﾝｼﾞｼ', 'ﾔﾊﾀﾁｮｳ', '香川県', '観音寺市', '八幡町', 0, 0, 1, 0, 0, 0),
(37205, '768  ', 7680021, 'ｶｶﾞﾜｹﾝ', 'ｶﾝｵﾝｼﾞｼ', 'ﾖｼｵｶﾁｮｳ', '香川県', '観音寺市', '吉岡町', 0, 0, 0, 0, 0, 0),
(37206, '76923', 7692300, 'ｶｶﾞﾜｹﾝ', 'ｻﾇｷｼ', 'ｲｶﾆｹｲｻｲｶﾞﾅｲﾊﾞｱｲ', '香川県', 'さぬき市', '以下に掲載がない場合', 0, 0, 0, 0, 0, 0),
(37206, '76109', 7610904, 'ｶｶﾞﾜｹﾝ', 'ｻﾇｷｼ', 'ｵｵｶﾜﾏﾁﾀﾂﾞﾗ', '香川県', 'さぬき市', '大川町田面', 0, 0, 0, 0, 0, 0),
(37206, '76109', 7610902, 'ｶｶﾞﾜｹﾝ', 'ｻﾇｷｼ', 'ｵｵｶﾜﾏﾁﾄﾐﾀﾞﾅｶ', '香川県', 'さぬき市', '大川町富田中', 0, 0, 0, 0, 0, 0),
(37206, '76109', 7610901, 'ｶｶﾞﾜｹﾝ', 'ｻﾇｷｼ', 'ｵｵｶﾜﾏﾁﾄﾐﾀﾞﾆｼ', '香川県', 'さぬき市', '大川町富田西', 0, 0, 0, 0, 0, 0),
(37206, '76109', 7610903, 'ｶｶﾞﾜｹﾝ', 'ｻﾇｷｼ', 'ｵｵｶﾜﾏﾁﾄﾐﾀﾞﾋｶﾞｼ', '香川県', 'さぬき市', '大川町富田東', 0, 0, 0, 0, 0, 0),
(37206, '76109', 7610905, 'ｶｶﾞﾜｹﾝ', 'ｻﾇｷｼ', 'ｵｵｶﾜﾏﾁﾐﾅﾐｶﾞﾜ', '香川県', 'さぬき市', '大川町南川', 0, 0, 0, 0, 0, 0),
(37206, '76921', 7692103, 'ｶｶﾞﾜｹﾝ', 'ｻﾇｷｼ', 'ｵﾀﾞ', '香川県', 'さぬき市', '小田', 0, 0, 0, 0, 0, 0),
(37206, '76921', 7692104, 'ｶｶﾞﾜｹﾝ', 'ｻﾇｷｼ', 'ｶﾍﾞ', '香川県', 'さぬき市', '鴨部', 0, 0, 0, 0, 0, 0),
(37206, '76921', 7692102, 'ｶｶﾞﾜｹﾝ', 'ｻﾇｷｼ', 'ｶﾓｼｮｳ', '香川県', 'さぬき市', '鴨庄', 0, 0, 0, 0, 0, 0),
(37206, '76923', 7692322, 'ｶｶﾞﾜｹﾝ', 'ｻﾇｷｼ', 'ｻﾝｶﾞﾜﾏﾁｲｼﾀﾞﾆｼ', '香川県', 'さぬき市', '寒川町石田西', 0, 0, 0, 0, 0, 0),
(37206, '76923', 7692321, 'ｶｶﾞﾜｹﾝ', 'ｻﾇｷｼ', 'ｻﾝｶﾞﾜﾏﾁｲｼﾀﾞﾋｶﾞｼ', '香川県', 'さぬき市', '寒川町石田東', 0, 0, 0, 0, 0, 0),
(37206, '76923', 7692323, 'ｶｶﾞﾜｹﾝ', 'ｻﾇｷｼ', 'ｻﾝｶﾞﾜﾏﾁｶﾝｻﾞｷ', '香川県', 'さぬき市', '寒川町神前', 0, 0, 0, 0, 0, 0),
(37206, '76921', 7692101, 'ｶｶﾞﾜｹﾝ', 'ｻﾇｷｼ', 'ｼﾄﾞ', '香川県', 'さぬき市', '志度', 0, 0, 0, 0, 0, 0),
(37206, '76923', 7692304, 'ｶｶﾞﾜｹﾝ', 'ｻﾇｷｼ', 'ｼｮｳﾜ', '香川県', 'さぬき市', '昭和', 0, 0, 0, 0, 0, 0),
(37206, '76921', 7692105, 'ｶｶﾞﾜｹﾝ', 'ｻﾇｷｼ', 'ｽｴ', '香川県', 'さぬき市', '末', 0, 0, 0, 0, 0, 0),
(37206, '76923', 7692315, 'ｶｶﾞﾜｹﾝ', 'ｻﾇｷｼ', 'ｿﾞｳﾀ(ｵﾚﾝｼﾞﾀｳﾝ)', '香川県', 'さぬき市', '造田（オレンジタウン）', 0, 0, 0, 0, 0, 0),
(37206, '76923', 7692314, 'ｶｶﾞﾜｹﾝ', 'ｻﾇｷｼ', 'ｿﾞｳﾀｵﾄｲ', '香川県', 'さぬき市', '造田乙井', 0, 0, 0, 0, 0, 0),
(37206, '76923', 7692312, 'ｶｶﾞﾜｹﾝ', 'ｻﾇｷｼ', 'ｿﾞｳﾀｺﾚﾋﾛ', '香川県', 'さぬき市', '造田是弘', 0, 0, 0, 0, 0, 0),
(37206, '76923', 7692313, 'ｶｶﾞﾜｹﾝ', 'ｻﾇｷｼ', 'ｿﾞｳﾀﾉﾏﾀﾞ', '香川県', 'さぬき市', '造田野間田', 0, 0, 0, 0, 0, 0),
(37206, '76923', 7692311, 'ｶｶﾞﾜｹﾝ', 'ｻﾇｷｼ', 'ｿﾞｳﾀﾐﾔﾆｼ', '香川県', 'さぬき市', '造田宮西', 0, 0, 0, 0, 0, 0),
(37206, '76923', 7692306, 'ｶｶﾞﾜｹﾝ', 'ｻﾇｷｼ', 'ﾀﾜ', '香川県', 'さぬき市', '多和', 0, 0, 0, 0, 0, 0),
(37206, '76924', 7692401, 'ｶｶﾞﾜｹﾝ', 'ｻﾇｷｼ', 'ﾂﾀﾞﾏﾁﾂﾀﾞ', '香川県', 'さぬき市', '津田町津田', 0, 0, 0, 0, 0, 0),
(37206, '76924', 7692402, 'ｶｶﾞﾜｹﾝ', 'ｻﾇｷｼ', 'ﾂﾀﾞﾏﾁﾂﾙﾜ', '香川県', 'さぬき市', '津田町鶴羽', 0, 0, 0, 0, 0, 0),
(37206, '76923', 7692302, 'ｶｶﾞﾜｹﾝ', 'ｻﾇｷｼ', 'ﾅｶﾞｵﾆｼ', '香川県', 'さぬき市', '長尾西', 0, 0, 0, 0, 0, 0),
(37206, '76923', 7692301, 'ｶｶﾞﾜｹﾝ', 'ｻﾇｷｼ', 'ﾅｶﾞｵﾋｶﾞｼ', '香川県', 'さぬき市', '長尾東', 0, 0, 0, 0, 0, 0),
(37206, '76923', 7692303, 'ｶｶﾞﾜｹﾝ', 'ｻﾇｷｼ', 'ﾅｶﾞｵﾐｮｳ', '香川県', 'さぬき市', '長尾名', 0, 0, 0, 0, 0, 0),
(37206, '76923', 7692305, 'ｶｶﾞﾜｹﾝ', 'ｻﾇｷｼ', 'ﾏｴﾔﾏ', '香川県', 'さぬき市', '前山', 0, 0, 0, 0, 0, 0),
(37207, '76927', 7692700, 'ｶｶﾞﾜｹﾝ', 'ﾋｶﾞｼｶｶﾞﾜｼ', 'ｲｶﾆｹｲｻｲｶﾞﾅｲﾊﾞｱｲ', '香川県', '東かがわ市', '以下に掲載がない場合', 0, 0, 0, 0, 0, 0),
(37207, '76927', 7692703, 'ｶｶﾞﾜｹﾝ', 'ﾋｶﾞｼｶｶﾞﾜｼ', 'ｲｻﾞ', '香川県', '東かがわ市', '伊座', 0, 0, 0, 0, 0, 0),
(37207, '76925', 7692520, 'ｶｶﾞﾜｹﾝ', 'ﾋｶﾞｼｶｶﾞﾜｼ', 'ｳﾏｼﾉ', '香川県', '東かがわ市', '馬篠', 0, 0, 0, 0, 0, 0),
(37207, '76929', 7692902, 'ｶｶﾞﾜｹﾝ', 'ﾋｶﾞｼｶｶﾞﾜｼ', 'ｳﾏﾔﾄﾞ', '香川県', '東かがわ市', '馬宿', 0, 0, 0, 0, 0, 0),
(37207, '76929', 7692908, 'ｶｶﾞﾜｹﾝ', 'ﾋｶﾞｼｶｶﾞﾜｼ', 'ｵｳﾐ', '香川県', '東かがわ市', '小海', 0, 0, 0, 0, 0, 0),
(37207, '76925', 7692513, 'ｶｶﾞﾜｹﾝ', 'ﾋｶﾞｼｶｶﾞﾜｼ', 'ｵｵﾀﾆ', '香川県', '東かがわ市', '大谷', 0, 0, 0, 0, 0, 0),
(37207, '76925', 7692521, 'ｶｶﾞﾜｹﾝ', 'ﾋｶﾞｼｶｶﾞﾜｼ', 'ｵｵﾁ', '香川県', '東かがわ市', '大内', 0, 0, 0, 0, 0, 0),
(37207, '76925', 7692512, 'ｶｶﾞﾜｹﾝ', 'ﾋｶﾞｼｶｶﾞﾜｼ', 'ｵﾁｱｲ', '香川県', '東かがわ市', '落合', 0, 0, 0, 0, 0, 0),
(37207, '76926', 7692602, 'ｶｶﾞﾜｹﾝ', 'ﾋｶﾞｼｶｶﾞﾜｼ', 'ｶﾜﾋｶﾞｼ', '香川県', '東かがわ市', '川東', 0, 0, 0, 0, 0, 0),
(37207, '76929', 7692906, 'ｶｶﾞﾜｹﾝ', 'ﾋｶﾞｼｶｶﾞﾜｼ', 'ｶﾜﾏﾀ', '香川県', '東かがわ市', '川股', 0, 0, 0, 0, 0, 0),
(37207, '76927', 7692704, 'ｶｶﾞﾜｹﾝ', 'ﾋｶﾞｼｶｶﾞﾜｼ', 'ｷﾗｲ', '香川県', '東かがわ市', '帰来', 0, 0, 0, 0, 0, 0),
(37207, '76929', 7692905, 'ｶｶﾞﾜｹﾝ', 'ﾋｶﾞｼｶｶﾞﾜｼ', 'ｸﾚﾊ', '香川県', '東かがわ市', '黒羽', 0, 0, 0, 0, 0, 0),
(37207, '76925', 7692511, 'ｶｶﾞﾜｹﾝ', 'ﾋｶﾞｼｶｶﾞﾜｼ', 'ｺｲｿ', '香川県', '東かがわ市', '小磯', 0, 0, 0, 0, 0, 0),
(37207, '76925', 7692519, 'ｶｶﾞﾜｹﾝ', 'ﾋｶﾞｼｶｶﾞﾜｼ', 'ｺｻﾞﾚ', '香川県', '東かがわ市', '小砂', 0, 0, 0, 0, 0, 0),
(37207, '76927', 7692715, 'ｶｶﾞﾜｹﾝ', 'ﾋｶﾞｼｶｶﾞﾜｼ', 'ｺﾞﾐｮｳ', '香川県', '東かがわ市', '五名', 0, 0, 0, 0, 0, 0),
(37207, '76929', 7692904, 'ｶｶﾞﾜｹﾝ', 'ﾋｶﾞｼｶｶﾞﾜｼ', 'ｻｶﾓﾄ', '香川県', '東かがわ市', '坂元', 0, 0, 0, 0, 0, 0),
(37207, '76926', 7692601, 'ｶｶﾞﾜｹﾝ', 'ﾋｶﾞｼｶｶﾞﾜｼ', 'ｻﾝﾎﾞﾝﾏﾂ', '香川県', '東かがわ市', '三本松', 0, 0, 0, 0, 0, 0),
(37207, '76927', 7692705, 'ｶｶﾞﾜｹﾝ', 'ﾋｶﾞｼｶｶﾞﾜｼ', 'ｼﾛﾄﾘ', '香川県', '東かがわ市', '白鳥', 0, 0, 0, 0, 0, 0),
(37207, '76925', 7692516, 'ｶｶﾞﾜｹﾝ', 'ﾋｶﾞｼｶｶﾞﾜｼ', 'ﾄﾞｲ', '香川県', '東かがわ市', '土居', 0, 0, 0, 0, 0, 0),
(37207, '76926', 7692605, 'ｶｶﾞﾜｹﾝ', 'ﾋｶﾞｼｶｶﾞﾜｼ', 'ﾅｶｽｼﾞ', '香川県', '東かがわ市', '中筋', 0, 0, 0, 0, 0, 0),
(37207, '76925', 7692518, 'ｶｶﾞﾜｹﾝ', 'ﾋｶﾞｼｶｶﾞﾜｼ', 'ﾅｶﾔﾏ', '香川県', '東かがわ市', '中山', 0, 0, 0, 0, 0, 0),
(37207, '76926', 7692604, 'ｶｶﾞﾜｹﾝ', 'ﾋｶﾞｼｶｶﾞﾜｼ', 'ﾆｼﾑﾗ', '香川県', '東かがわ市', '西村', 0, 0, 0, 0, 0, 0),
(37207, '76927', 7692712, 'ｶｶﾞﾜｹﾝ', 'ﾋｶﾞｼｶｶﾞﾜｼ', 'ﾆｼﾔﾏ', '香川県', '東かがわ市', '西山', 0, 0, 0, 0, 0, 0),
(37207, '76927', 7692714, 'ｶｶﾞﾜｹﾝ', 'ﾋｶﾞｼｶｶﾞﾜｼ', 'ﾆｭｳﾉﾔﾏ', '香川県', '東かがわ市', '入野山', 0, 0, 0, 0, 0, 0),
(37207, '76927', 7692711, 'ｶｶﾞﾜｹﾝ', 'ﾋｶﾞｼｶｶﾞﾜｼ', 'ﾋｶﾞｼﾔﾏ', '香川県', '東かがわ市', '東山', 0, 0, 0, 0, 0, 0),
(37207, '76929', 7692901, 'ｶｶﾞﾜｹﾝ', 'ﾋｶﾞｼｶｶﾞﾜｼ', 'ﾋｹﾀ', '香川県', '東かがわ市', '引田', 0, 0, 0, 0, 0, 0),
(37207, '76925', 7692515, 'ｶｶﾞﾜｹﾝ', 'ﾋｶﾞｼｶｶﾞﾜｼ', 'ﾏﾁﾀﾞ', '香川県', '東かがわ市', '町田', 0, 0, 0, 0, 0, 0),
(37207, '76925', 7692514, 'ｶｶﾞﾜｹﾝ', 'ﾋｶﾞｼｶｶﾞﾜｼ', 'ﾏﾂｻｷ', '香川県', '東かがわ市', '松崎', 0, 0, 0, 0, 0, 0),
(37207, '76927', 7692702, 'ｶｶﾞﾜｹﾝ', 'ﾋｶﾞｼｶｶﾞﾜｼ', 'ﾏﾂﾊﾞﾗ', '香川県', '東かがわ市', '松原', 0, 0, 0, 0, 0, 0),
(37207, '76926', 7692606, 'ｶｶﾞﾜｹﾝ', 'ﾋｶﾞｼｶｶﾞﾜｼ', 'ﾐｽﾞｼ', '香川県', '東かがわ市', '水主', 0, 0, 0, 0, 0, 0),
(37207, '76925', 7692517, 'ｶｶﾞﾜｹﾝ', 'ﾋｶﾞｼｶｶﾞﾜｼ', 'ﾐﾄﾞﾉ', '香川県', '東かがわ市', '三殿', 0, 0, 0, 0, 0, 0),
(37207, '76927', 7692701, 'ｶｶﾞﾜｹﾝ', 'ﾋｶﾞｼｶｶﾞﾜｼ', 'ﾐﾅﾄ', '香川県', '東かがわ市', '湊', 0, 0, 0, 0, 0, 0),
(37207, '76929', 7692903, 'ｶｶﾞﾜｹﾝ', 'ﾋｶﾞｼｶｶﾞﾜｼ', 'ﾐﾅﾐﾉ', '香川県', '東かがわ市', '南野', 0, 0, 0, 0, 0, 0),
(37207, '76926', 7692603, 'ｶｶﾞﾜｹﾝ', 'ﾋｶﾞｼｶｶﾞﾜｼ', 'ﾖｺｳﾁ', '香川県', '東かがわ市', '横内', 0, 0, 0, 0, 0, 0),
(37207, '76929', 7692907, 'ｶｶﾞﾜｹﾝ', 'ﾋｶﾞｼｶｶﾞﾜｼ', 'ﾖｼﾀﾞ', '香川県', '東かがわ市', '吉田', 0, 0, 0, 0, 0, 0),
(37207, '76927', 7692713, 'ｶｶﾞﾜｹﾝ', 'ﾋｶﾞｼｶｶﾞﾜｼ', 'ﾖﾀﾞﾔﾏ', '香川県', '東かがわ市', '与田山', 0, 0, 0, 0, 0, 0),
(37208, '767  ', 7670000, 'ｶｶﾞﾜｹﾝ', 'ﾐﾄﾖｼ', 'ｲｶﾆｹｲｻｲｶﾞﾅｲﾊﾞｱｲ', '香川県', '三豊市', '以下に掲載がない場合', 0, 0, 0, 0, 0, 0),
(37208, '76904', 7690401, 'ｶｶﾞﾜｹﾝ', 'ﾐﾄﾖｼ', 'ｻｲﾀﾁｮｳｻｲﾀｶﾐ', '香川県', '三豊市', '財田町財田上', 0, 0, 0, 0, 0, 0),
(37208, '76904', 7690402, 'ｶｶﾞﾜｹﾝ', 'ﾐﾄﾖｼ', 'ｻｲﾀﾁｮｳｻｲﾀﾅｶ', '香川県', '三豊市', '財田町財田中', 0, 0, 0, 0, 0, 0),
(37208, '767  ', 7670014, 'ｶｶﾞﾜｹﾝ', 'ﾐﾄﾖｼ', 'ﾀｶｾﾁｮｳｶﾐｱｻ', '香川県', '三豊市', '高瀬町上麻', 0, 0, 0, 0, 0, 0),
(37208, '767  ', 7670012, 'ｶｶﾞﾜｹﾝ', 'ﾐﾄﾖｼ', 'ﾀｶｾﾁｮｳｶﾐｶﾂﾏ', '香川県', '三豊市', '高瀬町上勝間', 0, 0, 0, 0, 0, 0),
(37208, '767  ', 7670001, 'ｶｶﾞﾜｹﾝ', 'ﾐﾄﾖｼ', 'ﾀｶｾﾁｮｳｶﾐﾀｶｾ', '香川県', '三豊市', '高瀬町上高瀬', 0, 0, 0, 0, 0, 0),
(37208, '767  ', 7670021, 'ｶｶﾞﾜｹﾝ', 'ﾐﾄﾖｼ', 'ﾀｶｾﾁｮｳｻﾏﾀ', '香川県', '三豊市', '高瀬町佐股', 0, 0, 0, 0, 0, 0),
(37208, '767  ', 7670013, 'ｶｶﾞﾜｹﾝ', 'ﾐﾄﾖｼ', 'ﾀｶｾﾁｮｳｼﾓｱｻ', '香川県', '三豊市', '高瀬町下麻', 0, 0, 0, 0, 0, 0),
(37208, '767  ', 7670011, 'ｶｶﾞﾜｹﾝ', 'ﾐﾄﾖｼ', 'ﾀｶｾﾁｮｳｼﾓｶﾂﾏ', '香川県', '三豊市', '高瀬町下勝間', 0, 0, 0, 0, 0, 0),
(37208, '767  ', 7670002, 'ｶｶﾞﾜｹﾝ', 'ﾐﾄﾖｼ', 'ﾀｶｾﾁｮｳｼﾝﾐｮｳ', '香川県', '三豊市', '高瀬町新名', 0, 0, 0, 0, 0, 0),
(37208, '767  ', 7670022, 'ｶｶﾞﾜｹﾝ', 'ﾐﾄﾖｼ', 'ﾀｶｾﾁｮｳﾊｶﾞﾀ', '香川県', '三豊市', '高瀬町羽方', 0, 0, 0, 0, 0, 0),
(37208, '767  ', 7670004, 'ｶｶﾞﾜｹﾝ', 'ﾐﾄﾖｼ', 'ﾀｶｾﾁｮｳﾋｼﾞ', '香川県', '三豊市', '高瀬町比地', 0, 0, 0, 0, 0, 0),
(37208, '767  ', 7670003, 'ｶｶﾞﾜｹﾝ', 'ﾐﾄﾖｼ', 'ﾀｶｾﾁｮｳﾋｼﾞﾅｶ', '香川県', '三豊市', '高瀬町比地中', 0, 0, 0, 0, 0, 0),
(37208, '76911', 7691108, 'ｶｶﾞﾜｹﾝ', 'ﾐﾄﾖｼ', 'ﾀｸﾏﾁｮｳｱﾜｼﾏ', '香川県', '三豊市', '詫間町粟島', 0, 0, 0, 0, 0, 0),
(37208, '76911', 7691104, 'ｶｶﾞﾜｹﾝ', 'ﾐﾄﾖｼ', 'ﾀｸﾏﾁｮｳｵｵﾊﾏ', '香川県', '三豊市', '詫間町大浜', 0, 0, 0, 0, 0, 0),
(37208, '76911', 7691103, 'ｶｶﾞﾜｹﾝ', 'ﾐﾄﾖｼ', 'ﾀｸﾏﾁｮｳｺｳﾀﾞ', '香川県', '三豊市', '詫間町香田', 0, 0, 0, 0, 0, 0),
(37208, '76911', 7691109, 'ｶｶﾞﾜｹﾝ', 'ﾐﾄﾖｼ', 'ﾀｸﾏﾁｮｳｼｼｼﾞﾏ', '香川県', '三豊市', '詫間町志々島', 0, 0, 0, 0, 0, 0),
(37208, '76911', 7691101, 'ｶｶﾞﾜｹﾝ', 'ﾐﾄﾖｼ', 'ﾀｸﾏﾁｮｳﾀｸﾏ', '香川県', '三豊市', '詫間町詫間', 0, 0, 0, 0, 0, 0),
(37208, '76911', 7691105, 'ｶｶﾞﾜｹﾝ', 'ﾐﾄﾖｼ', 'ﾀｸﾏﾁｮｳﾂﾑ', '香川県', '三豊市', '詫間町積', 0, 0, 0, 0, 0, 0),
(37208, '76911', 7691107, 'ｶｶﾞﾜｹﾝ', 'ﾐﾄﾖｼ', 'ﾀｸﾏﾁｮｳﾅﾏﾘ', '香川県', '三豊市', '詫間町生里', 0, 0, 0, 0, 0, 0),
(37208, '76911', 7691106, 'ｶｶﾞﾜｹﾝ', 'ﾐﾄﾖｼ', 'ﾀｸﾏﾁｮｳﾊｺ', '香川県', '三豊市', '詫間町箱', 0, 0, 0, 0, 0, 0),
(37208, '76911', 7691102, 'ｶｶﾞﾜｹﾝ', 'ﾐﾄﾖｼ', 'ﾀｸﾏﾁｮｳﾏﾂｻｷ', '香川県', '三豊市', '詫間町松崎', 0, 0, 0, 0, 0, 0),
(37208, '76915', 7691507, 'ｶｶﾞﾜｹﾝ', 'ﾐﾄﾖｼ', 'ﾄﾖﾅｶﾁｮｳｵｶﾓﾄ', '香川県', '三豊市', '豊中町岡本', 0, 0, 0, 0, 0, 0),
(37208, '76915', 7691502, 'ｶｶﾞﾜｹﾝ', 'ﾐﾄﾖｼ', 'ﾄﾖﾅｶﾁｮｳｶｻﾀﾞｶｻｵｶ', '香川県', '三豊市', '豊中町笠田笠岡', 0, 0, 0, 0, 0, 0),
(37208, '76915', 7691503, 'ｶｶﾞﾜｹﾝ', 'ﾐﾄﾖｼ', 'ﾄﾖﾅｶﾁｮｳｶｻﾀﾞﾀｹﾀﾞ', '香川県', '三豊市', '豊中町笠田竹田', 0, 0, 0, 0, 0, 0),
(37208, '76915', 7691504, 'ｶｶﾞﾜｹﾝ', 'ﾐﾄﾖｼ', 'ﾄﾖﾅｶﾁｮｳｶﾐﾀﾞｶﾉ', '香川県', '三豊市', '豊中町上高野', 0, 0, 0, 0, 0, 0),
(37208, '76915', 7691508, 'ｶｶﾞﾜｹﾝ', 'ﾐﾄﾖｼ', 'ﾄﾖﾅｶﾁｮｳｼﾓﾀﾞｶﾉ', '香川県', '三豊市', '豊中町下高野', 0, 0, 0, 0, 0, 0),
(37208, '76915', 7691501, 'ｶｶﾞﾜｹﾝ', 'ﾐﾄﾖｼ', 'ﾄﾖﾅｶﾁｮｳﾋｼﾞﾀﾞｲ', '香川県', '三豊市', '豊中町比地大', 0, 0, 0, 0, 0, 0),
(37208, '76915', 7691505, 'ｶｶﾞﾜｹﾝ', 'ﾐﾄﾖｼ', 'ﾄﾖﾅｶﾁｮｳﾓﾄﾔﾏｵﾂ', '香川県', '三豊市', '豊中町本山乙', 0, 0, 0, 0, 0, 0),
(37208, '76915', 7691506, 'ｶｶﾞﾜｹﾝ', 'ﾐﾄﾖｼ', 'ﾄﾖﾅｶﾁｮｳﾓﾄﾔﾏｺｳ', '香川県', '三豊市', '豊中町本山甲', 0, 0, 0, 0, 0, 0),
(37208, '76914', 7691410, 'ｶｶﾞﾜｹﾝ', 'ﾐﾄﾖｼ', 'ﾆｵﾁｮｳｲｴﾉｳﾗ', '香川県', '三豊市', '仁尾町家の浦', 0, 0, 0, 0, 0, 0);
INSERT INTO `postlist` (`COL 1`, `COL 2`, `COL 3`, `COL 4`, `COL 5`, `COL 6`, `COL 7`, `COL 8`, `COL 9`, `COL 10`, `COL 11`, `COL 12`, `COL 13`, `COL 14`, `COL 15`) VALUES
(37208, '76914', 7691404, 'ｶｶﾞﾜｹﾝ', 'ﾐﾄﾖｼ', 'ﾆｵﾁｮｳﾆｵｵﾂ', '香川県', '三豊市', '仁尾町仁尾乙', 0, 0, 0, 0, 0, 0),
(37208, '76914', 7691401, 'ｶｶﾞﾜｹﾝ', 'ﾐﾄﾖｼ', 'ﾆｵﾁｮｳﾆｵｷ', '香川県', '三豊市', '仁尾町仁尾己', 0, 0, 0, 0, 0, 0),
(37208, '76914', 7691408, 'ｶｶﾞﾜｹﾝ', 'ﾐﾄﾖｼ', 'ﾆｵﾁｮｳﾆｵｺｳ', '香川県', '三豊市', '仁尾町仁尾甲', 0, 0, 0, 0, 0, 0),
(37208, '76914', 7691405, 'ｶｶﾞﾜｹﾝ', 'ﾐﾄﾖｼ', 'ﾆｵﾁｮｳﾆｵｺｳ', '香川県', '三豊市', '仁尾町仁尾庚', 0, 0, 0, 0, 0, 0),
(37208, '76914', 7691406, 'ｶｶﾞﾜｹﾝ', 'ﾐﾄﾖｼ', 'ﾆｵﾁｮｳﾆｵｼﾝ', '香川県', '三豊市', '仁尾町仁尾辛', 0, 0, 0, 0, 0, 0),
(37208, '76914', 7691407, 'ｶｶﾞﾜｹﾝ', 'ﾐﾄﾖｼ', 'ﾆｵﾁｮｳﾆｵﾃｲ', '香川県', '三豊市', '仁尾町仁尾丁', 0, 0, 0, 0, 0, 0),
(37208, '76914', 7691403, 'ｶｶﾞﾜｹﾝ', 'ﾐﾄﾖｼ', 'ﾆｵﾁｮｳﾆｵﾍｲ', '香川県', '三豊市', '仁尾町仁尾丙', 0, 0, 0, 0, 0, 0),
(37208, '76914', 7691402, 'ｶｶﾞﾜｹﾝ', 'ﾐﾄﾖｼ', 'ﾆｵﾁｮｳﾆｵﾎﾞ', '香川県', '三豊市', '仁尾町仁尾戊', 0, 0, 0, 0, 0, 0),
(37208, '767  ', 7670031, 'ｶｶﾞﾜｹﾝ', 'ﾐﾄﾖｼ', 'ﾐﾉﾁｮｳｵｵﾐ', '香川県', '三豊市', '三野町大見', 0, 0, 0, 0, 0, 0),
(37208, '767  ', 7670032, 'ｶｶﾞﾜｹﾝ', 'ﾐﾄﾖｼ', 'ﾐﾉﾁｮｳｼﾓﾀｶｾ', '香川県', '三豊市', '三野町下高瀬', 0, 0, 0, 0, 0, 0),
(37208, '767  ', 7670033, 'ｶｶﾞﾜｹﾝ', 'ﾐﾄﾖｼ', 'ﾐﾉﾁｮｳﾖｼﾂﾞ', '香川県', '三豊市', '三野町吉津', 0, 0, 0, 0, 0, 0),
(37208, '76801', 7680102, 'ｶｶﾞﾜｹﾝ', 'ﾐﾄﾖｼ', 'ﾔﾏﾓﾄﾁｮｳｵｵﾉ', '香川県', '三豊市', '山本町大野', 0, 0, 0, 0, 0, 0),
(37208, '76801', 7680104, 'ｶｶﾞﾜｹﾝ', 'ﾐﾄﾖｼ', 'ﾔﾏﾓﾄﾁｮｳｺｳﾀﾞ', '香川県', '三豊市', '山本町神田', 0, 0, 0, 0, 0, 0),
(37208, '76801', 7680105, 'ｶｶﾞﾜｹﾝ', 'ﾐﾄﾖｼ', 'ﾔﾏﾓﾄﾁｮｳｺｳﾁ', '香川県', '三豊市', '山本町河内', 0, 0, 0, 0, 0, 0),
(37208, '76801', 7680103, 'ｶｶﾞﾜｹﾝ', 'ﾐﾄﾖｼ', 'ﾔﾏﾓﾄﾁｮｳｻｲﾀﾆｼ', '香川県', '三豊市', '山本町財田西', 0, 0, 0, 0, 0, 0),
(37208, '76801', 7680101, 'ｶｶﾞﾜｹﾝ', 'ﾐﾄﾖｼ', 'ﾔﾏﾓﾄﾁｮｳﾂｼﾞ', '香川県', '三豊市', '山本町辻', 0, 0, 0, 0, 0, 0),
(37322, '76141', 7614100, 'ｶｶﾞﾜｹﾝ', 'ｼｮｳｽﾞｸﾞﾝﾄﾉｼｮｳﾁｮｳ', 'ｲｶﾆｹｲｻｲｶﾞﾅｲﾊﾞｱｲ', '香川県', '小豆郡土庄町', '以下に掲載がない場合', 0, 0, 0, 0, 0, 0),
(37322, '76146', 7614664, 'ｶｶﾞﾜｹﾝ', 'ｼｮｳｽﾞｸﾞﾝﾄﾉｼｮｳﾁｮｳ', 'ｲｷﾞｽｴ(ｵﾃﾞｼﾏ)', '香川県', '小豆郡土庄町', '伊喜末（小豊島）', 1, 0, 0, 0, 0, 0),
(37322, '76141', 7614131, 'ｶｶﾞﾜｹﾝ', 'ｼｮｳｽﾞｸﾞﾝﾄﾉｼｮｳﾁｮｳ', 'ｲｷﾞｽｴ(ｿﾉﾀ)', '香川県', '小豆郡土庄町', '伊喜末（その他）', 1, 0, 0, 0, 0, 0),
(37322, '76141', 7614141, 'ｶｶﾞﾜｹﾝ', 'ｼｮｳｽﾞｸﾞﾝﾄﾉｼｮｳﾁｮｳ', 'ｳﾏｺﾞｴ', '香川県', '小豆郡土庄町', '馬越', 0, 0, 0, 0, 0, 0),
(37322, '76141', 7614132, 'ｶｶﾞﾜｹﾝ', 'ｼｮｳｽﾞｸﾞﾝﾄﾉｼｮｳﾁｮｳ', 'ｵｴ', '香川県', '小豆郡土庄町', '小江', 0, 0, 0, 0, 0, 0),
(37322, '76141', 7614145, 'ｶｶﾞﾜｹﾝ', 'ｼｮｳｽﾞｸﾞﾝﾄﾉｼｮｳﾁｮｳ', 'ｵｵﾍﾞ', '香川県', '小豆郡土庄町', '大部', 0, 0, 0, 0, 0, 0),
(37322, '76141', 7614144, 'ｶｶﾞﾜｹﾝ', 'ｼｮｳｽﾞｸﾞﾝﾄﾉｼｮｳﾁｮｳ', 'ｵﾐ', '香川県', '小豆郡土庄町', '小海', 0, 0, 0, 0, 0, 0),
(37322, '76141', 7614154, 'ｶｶﾞﾜｹﾝ', 'ｼｮｳｽﾞｸﾞﾝﾄﾉｼｮｳﾁｮｳ', 'ｶｻｶﾞﾀﾞｷ', '香川県', '小豆郡土庄町', '笠滝', 0, 0, 0, 0, 0, 0),
(37322, '76141', 7614122, 'ｶｶﾞﾜｹﾝ', 'ｼｮｳｽﾞｸﾞﾝﾄﾉｼｮｳﾁｮｳ', 'ｶﾐｼｮｳ', '香川県', '小豆郡土庄町', '上庄', 0, 0, 0, 0, 0, 0),
(37322, '76141', 7614152, 'ｶｶﾞﾜｹﾝ', 'ｼｮｳｽﾞｸﾞﾝﾄﾉｼｮｳﾁｮｳ', 'ｸﾛｲﾜ', '香川県', '小豆郡土庄町', '黒岩', 0, 0, 0, 0, 0, 0),
(37322, '76141', 7614153, 'ｶｶﾞﾜｹﾝ', 'ｼｮｳｽﾞｸﾞﾝﾄﾉｼｮｳﾁｮｳ', 'ｺｳﾏｺﾞｴ', '香川県', '小豆郡土庄町', '小馬越', 0, 0, 0, 0, 0, 0),
(37322, '76141', 7614146, 'ｶｶﾞﾜｹﾝ', 'ｼｮｳｽﾞｸﾞﾝﾄﾉｼｮｳﾁｮｳ', 'ｺﾍﾞ', '香川県', '小豆郡土庄町', '小部', 0, 0, 0, 0, 0, 0),
(37322, '76141', 7614134, 'ｶｶﾞﾜｹﾝ', 'ｼｮｳｽﾞｸﾞﾝﾄﾉｼｮｳﾁｮｳ', 'ﾀｷﾉﾐﾔ', '香川県', '小豆郡土庄町', '滝宮', 0, 0, 0, 0, 0, 0),
(37322, '76146', 7614661, 'ｶｶﾞﾜｹﾝ', 'ｼｮｳｽﾞｸﾞﾝﾄﾉｼｮｳﾁｮｳ', 'ﾃｼﾏｲｴｳﾗ', '香川県', '小豆郡土庄町', '豊島家浦', 0, 0, 0, 0, 0, 0),
(37322, '76146', 7614662, 'ｶｶﾞﾜｹﾝ', 'ｼｮｳｽﾞｸﾞﾝﾄﾉｼｮｳﾁｮｳ', 'ﾃｼﾏｶﾗﾄ', '香川県', '小豆郡土庄町', '豊島唐櫃', 0, 0, 0, 0, 0, 0),
(37322, '76146', 7614663, 'ｶｶﾞﾜｹﾝ', 'ｼｮｳｽﾞｸﾞﾝﾄﾉｼｮｳﾁｮｳ', 'ﾃｼﾏｺｳ', '香川県', '小豆郡土庄町', '豊島甲生', 0, 0, 0, 0, 0, 0),
(37322, '76141', 7614133, 'ｶｶﾞﾜｹﾝ', 'ｼｮｳｽﾞｸﾞﾝﾄﾉｼｮｳﾁｮｳ', 'ﾅｶﾞﾊﾏ', '香川県', '小豆郡土庄町', '長浜', 0, 0, 0, 0, 0, 0),
(37322, '76141', 7614151, 'ｶｶﾞﾜｹﾝ', 'ｼｮｳｽﾞｸﾞﾝﾄﾉｼｮｳﾁｮｳ', 'ﾋﾄﾔﾏ', '香川県', '小豆郡土庄町', '肥土山', 0, 0, 0, 0, 0, 0),
(37322, '76141', 7614121, 'ｶｶﾞﾜｹﾝ', 'ｼｮｳｽﾞｸﾞﾝﾄﾉｼｮｳﾁｮｳ', 'ﾌﾁｻﾞｷ', '香川県', '小豆郡土庄町', '渕崎', 0, 0, 0, 0, 0, 0),
(37322, '76141', 7614143, 'ｶｶﾞﾜｹﾝ', 'ｼｮｳｽﾞｸﾞﾝﾄﾉｼｮｳﾁｮｳ', 'ﾐﾒ', '香川県', '小豆郡土庄町', '見目', 0, 0, 0, 0, 0, 0),
(37322, '76141', 7614142, 'ｶｶﾞﾜｹﾝ', 'ｼｮｳｽﾞｸﾞﾝﾄﾉｼｮｳﾁｮｳ', 'ﾔｶﾀｻﾞｷ', '香川県', '小豆郡土庄町', '屋形崎', 0, 0, 0, 0, 0, 0),
(37322, '76141', 7614103, 'ｶｶﾞﾜｹﾝ', 'ｼｮｳｽﾞｸﾞﾝﾄﾉｼｮｳﾁｮｳ', 'ｺｳ､ｵﾂ(ｵｵｷﾄﾞ)', '香川県', '小豆郡土庄町', '甲、乙（大木戸）', 1, 0, 0, 0, 0, 0),
(37322, '76141', 7614112, 'ｶｶﾞﾜｹﾝ', 'ｼｮｳｽﾞｸﾞﾝﾄﾉｼｮｳﾁｮｳ', 'ｺｳ､ｵﾂ(ｶｼﾏ)', '香川県', '小豆郡土庄町', '甲、乙（鹿島）', 1, 0, 0, 0, 0, 0),
(37322, '76141', 7614115, 'ｶｶﾞﾜｹﾝ', 'ｼｮｳｽﾞｸﾞﾝﾄﾉｼｮｳﾁｮｳ', 'ｺｳ､ｵﾂ(ｺｾ)', '香川県', '小豆郡土庄町', '甲、乙（小瀬）', 1, 0, 0, 0, 0, 0),
(37322, '76141', 7614114, 'ｶｶﾞﾜｹﾝ', 'ｼｮｳｽﾞｸﾞﾝﾄﾉｼｮｳﾁｮｳ', 'ｺｳ､ｵﾂ(ｾﾝｹﾝ)', '香川県', '小豆郡土庄町', '甲、乙（千軒）', 1, 0, 0, 0, 0, 0),
(37322, '76141', 7614105, 'ｶｶﾞﾜｹﾝ', 'ｼｮｳｽﾞｸﾞﾝﾄﾉｼｮｳﾁｮｳ', 'ｺｳ､ｵﾂ(ﾆｼﾎﾝﾁｮｳ)', '香川県', '小豆郡土庄町', '甲、乙（西本町）', 1, 0, 0, 0, 0, 0),
(37322, '76141', 7614111, 'ｶｶﾞﾜｹﾝ', 'ｼｮｳｽﾞｸﾞﾝﾄﾉｼｮｳﾁｮｳ', 'ｺｳ､ｵﾂ(ﾋｶﾞｼﾐﾅﾄ)', '香川県', '小豆郡土庄町', '甲、乙（東港）', 1, 0, 0, 0, 0, 0),
(37322, '76141', 7614106, 'ｶｶﾞﾜｹﾝ', 'ｼｮｳｽﾞｸﾞﾝﾄﾉｼｮｳﾁｮｳ', 'ｺｳ､ｵﾂ(ﾎﾝﾁｮｳ)', '香川県', '小豆郡土庄町', '甲、乙（本町）', 1, 0, 0, 0, 0, 0),
(37322, '76141', 7614102, 'ｶｶﾞﾜｹﾝ', 'ｼｮｳｽﾞｸﾞﾝﾄﾉｼｮｳﾁｮｳ', 'ｺｳ､ｵﾂ(ﾐﾅﾄｼﾝﾏﾁ)', '香川県', '小豆郡土庄町', '甲、乙（港新町）', 1, 0, 0, 0, 0, 0),
(37322, '76141', 7614113, 'ｶｶﾞﾜｹﾝ', 'ｼｮｳｽﾞｸﾞﾝﾄﾉｼｮｳﾁｮｳ', 'ｺｳ､ｵﾂ(ﾔﾅｷﾞ)', '香川県', '小豆郡土庄町', '甲、乙（柳）', 1, 0, 0, 0, 0, 0),
(37322, '76141', 7614104, 'ｶｶﾞﾜｹﾝ', 'ｼｮｳｽﾞｸﾞﾝﾄﾉｼｮｳﾁｮｳ', 'ｺｳ､ｵﾂ(ﾖｼｶﾞｳﾗ)', '香川県', '小豆郡土庄町', '甲、乙（吉ケ浦）', 1, 0, 0, 0, 0, 0),
(37322, '76141', 7614101, 'ｶｶﾞﾜｹﾝ', 'ｼｮｳｽﾞｸﾞﾝﾄﾉｼｮｳﾁｮｳ', 'ｺｳ､ｵﾂ(ｿﾉﾀ)', '香川県', '小豆郡土庄町', '甲、乙（その他）', 1, 0, 0, 0, 0, 0),
(37324, '76143', 7614300, 'ｶｶﾞﾜｹﾝ', 'ｼｮｳｽﾞｸﾞﾝｼｮｳﾄﾞｼﾏﾁｮｳ', 'ｲｶﾆｹｲｻｲｶﾞﾅｲﾊﾞｱｲ', '香川県', '小豆郡小豆島町', '以下に掲載がない場合', 0, 0, 0, 0, 0, 0),
(37324, '76144', 7614403, 'ｶｶﾞﾜｹﾝ', 'ｼｮｳｽﾞｸﾞﾝｼｮｳﾄﾞｼﾏﾁｮｳ', 'ｱﾃﾊﾏ', '香川県', '小豆郡小豆島町', '当浜', 0, 0, 0, 0, 0, 0),
(37324, '76143', 7614301, 'ｶｶﾞﾜｹﾝ', 'ｼｮｳｽﾞｸﾞﾝｼｮｳﾄﾞｼﾏﾁｮｳ', 'ｲｹﾀﾞ', '香川県', '小豆郡小豆島町', '池田', 0, 0, 0, 0, 0, 0),
(37324, '76144', 7614404, 'ｶｶﾞﾜｹﾝ', 'ｼｮｳｽﾞｸﾞﾝｼｮｳﾄﾞｼﾏﾁｮｳ', 'ｲﾜｶﾞﾀﾆ', '香川県', '小豆郡小豆島町', '岩谷', 0, 0, 0, 0, 0, 0),
(37324, '76144', 7614426, 'ｶｶﾞﾜｹﾝ', 'ｼｮｳｽﾞｸﾞﾝｼｮｳﾄﾞｼﾏﾁｮｳ', 'ｳﾏｷ', '香川県', '小豆郡小豆島町', '馬木', 0, 0, 0, 0, 0, 0),
(37324, '76144', 7614431, 'ｶｶﾞﾜｹﾝ', 'ｼｮｳｽﾞｸﾞﾝｼｮｳﾄﾞｼﾏﾁｮｳ', 'ｶﾀｼﾞｮｳ', '香川県', '小豆郡小豆島町', '片城', 0, 0, 0, 0, 0, 0),
(37324, '76143', 7614307, 'ｶｶﾞﾜｹﾝ', 'ｼｮｳｽﾞｸﾞﾝｼｮｳﾄﾞｼﾏﾁｮｳ', 'ｶﾏﾉ', '香川県', '小豆郡小豆島町', '蒲野', 0, 0, 0, 0, 0, 0),
(37324, '76143', 7614302, 'ｶｶﾞﾜｹﾝ', 'ｼｮｳｽﾞｸﾞﾝｼｮｳﾄﾞｼﾏﾁｮｳ', 'ｶﾓｳ', '香川県', '小豆郡小豆島町', '蒲生', 0, 0, 0, 0, 0, 0),
(37324, '76144', 7614433, 'ｶｶﾞﾜｹﾝ', 'ｼｮｳｽﾞｸﾞﾝｼｮｳﾄﾞｼﾏﾁｮｳ', 'ｶﾝｶｹﾄﾞｵﾘ', '香川県', '小豆郡小豆島町', '神懸通', 0, 0, 0, 0, 0, 0),
(37324, '76144', 7614412, 'ｶｶﾞﾜｹﾝ', 'ｼｮｳｽﾞｸﾞﾝｼｮｳﾄﾞｼﾏﾁｮｳ', 'ｷﾉｼｮｳ', '香川県', '小豆郡小豆島町', '木庄', 0, 0, 0, 0, 0, 0),
(37324, '76144', 7614432, 'ｶｶﾞﾜｹﾝ', 'ｼｮｳｽﾞｸﾞﾝｼｮｳﾄﾞｼﾏﾁｮｳ', 'ｸｻｶﾍﾞﾎﾝﾏﾁ', '香川県', '小豆郡小豆島町', '草壁本町', 0, 0, 0, 0, 0, 0),
(37324, '76143', 7614308, 'ｶｶﾞﾜｹﾝ', 'ｼｮｳｽﾞｸﾞﾝｼｮｳﾄﾞｼﾏﾁｮｳ', 'ｺｳﾉｳﾗ', '香川県', '小豆郡小豆島町', '神浦', 0, 0, 0, 0, 0, 0),
(37324, '76144', 7614425, 'ｶｶﾞﾜｹﾝ', 'ｼｮｳｽﾞｸﾞﾝｼｮｳﾄﾞｼﾏﾁｮｳ', 'ｻｶﾃ', '香川県', '小豆郡小豆島町', '坂手', 0, 0, 0, 0, 0, 0),
(37324, '76144', 7614405, 'ｶｶﾞﾜｹﾝ', 'ｼｮｳｽﾞｸﾞﾝｼｮｳﾄﾞｼﾏﾁｮｳ', 'ﾀﾁﾊﾞﾅ', '香川県', '小豆郡小豆島町', '橘', 0, 0, 0, 0, 0, 0),
(37324, '76144', 7614424, 'ｶｶﾞﾜｹﾝ', 'ｼｮｳｽﾞｸﾞﾝｼｮｳﾄﾞｼﾏﾁｮｳ', 'ﾀﾉｳﾗ', '香川県', '小豆郡小豆島町', '田浦', 0, 0, 0, 0, 0, 0),
(37324, '76141', 7614155, 'ｶｶﾞﾜｹﾝ', 'ｼｮｳｽﾞｸﾞﾝｼｮｳﾄﾞｼﾏﾁｮｳ', 'ﾅｶﾔﾏ(ｳﾂｸｼﾉﾊﾗｺｳｹﾞﾝ)', '香川県', '小豆郡小豆島町', '中山（美しの原高原）', 1, 0, 0, 1, 0, 0),
(37324, '76141', 7614155, 'ｶｶﾞﾜｹﾝ', 'ｼｮｳｽﾞｸﾞﾝｼｮｳﾄﾞｼﾏﾁｮｳ', 'ﾅｶﾔﾏ(ｶｴﾙｺﾞﾅﾙﾀｷ)', '香川県', '小豆郡小豆島町', '中山（蛙子鳴滝）', 1, 0, 0, 1, 0, 0),
(37324, '76143', 7614303, 'ｶｶﾞﾜｹﾝ', 'ｼｮｳｽﾞｸﾞﾝｼｮｳﾄﾞｼﾏﾁｮｳ', 'ﾅｶﾔﾏ(ｿﾉﾀ)', '香川県', '小豆郡小豆島町', '中山（その他）', 1, 0, 0, 0, 0, 0),
(37324, '76144', 7614434, 'ｶｶﾞﾜｹﾝ', 'ｼｮｳｽﾞｸﾞﾝｼｮｳﾄﾞｼﾏﾁｮｳ', 'ﾆｼﾑﾗ', '香川県', '小豆郡小豆島町', '西村', 0, 0, 0, 0, 0, 0),
(37324, '76144', 7614421, 'ｶｶﾞﾜｹﾝ', 'ｼｮｳｽﾞｸﾞﾝｼｮｳﾄﾞｼﾏﾁｮｳ', 'ﾉｳﾏ', '香川県', '小豆郡小豆島町', '苗羽', 0, 0, 0, 0, 0, 0),
(37324, '76144', 7614402, 'ｶｶﾞﾜｹﾝ', 'ｼｮｳｽﾞｸﾞﾝｼｮｳﾄﾞｼﾏﾁｮｳ', 'ﾌｸﾀﾞ', '香川県', '小豆郡小豆島町', '福田', 0, 0, 0, 0, 0, 0),
(37324, '76143', 7614305, 'ｶｶﾞﾜｹﾝ', 'ｼｮｳｽﾞｸﾞﾝｼｮｳﾄﾞｼﾏﾁｮｳ', 'ﾌﾀｵﾓﾃ', '香川県', '小豆郡小豆島町', '二面', 0, 0, 0, 0, 0, 0),
(37324, '76144', 7614422, 'ｶｶﾞﾜｹﾝ', 'ｼｮｳｽﾞｸﾞﾝｼｮｳﾄﾞｼﾏﾁｮｳ', 'ﾌﾙｴ', '香川県', '小豆郡小豆島町', '古江', 0, 0, 0, 0, 0, 0),
(37324, '76144', 7614423, 'ｶｶﾞﾜｹﾝ', 'ｼｮｳｽﾞｸﾞﾝｼｮｳﾄﾞｼﾏﾁｮｳ', 'ﾎﾘｺｼ', '香川県', '小豆郡小豆島町', '堀越', 0, 0, 0, 0, 0, 0),
(37324, '76143', 7614304, 'ｶｶﾞﾜｹﾝ', 'ｼｮｳｽﾞｸﾞﾝｼｮｳﾄﾞｼﾏﾁｮｳ', 'ﾑﾛｳ', '香川県', '小豆郡小豆島町', '室生', 0, 0, 0, 0, 0, 0),
(37324, '76144', 7614411, 'ｶｶﾞﾜｹﾝ', 'ｼｮｳｽﾞｸﾞﾝｼｮｳﾄﾞｼﾏﾁｮｳ', 'ﾔｽﾀﾞ', '香川県', '小豆郡小豆島町', '安田', 0, 0, 0, 0, 0, 0),
(37324, '76144', 7614401, 'ｶｶﾞﾜｹﾝ', 'ｼｮｳｽﾞｸﾞﾝｼｮｳﾄﾞｼﾏﾁｮｳ', 'ﾖｼﾀﾞ', '香川県', '小豆郡小豆島町', '吉田', 0, 0, 0, 0, 0, 0),
(37324, '76143', 7614306, 'ｶｶﾞﾜｹﾝ', 'ｼｮｳｽﾞｸﾞﾝｼｮｳﾄﾞｼﾏﾁｮｳ', 'ﾖｼﾉ', '香川県', '小豆郡小豆島町', '吉野', 0, 0, 0, 0, 0, 0),
(37341, '76107', 7610700, 'ｶｶﾞﾜｹﾝ', 'ｷﾀｸﾞﾝﾐｷﾁｮｳ', 'ｲｶﾆｹｲｻｲｶﾞﾅｲﾊﾞｱｲ', '香川県', '木田郡三木町', '以下に掲載がない場合', 0, 0, 0, 0, 0, 0),
(37341, '76106', 7610614, 'ｶｶﾞﾜｹﾝ', 'ｷﾀｸﾞﾝﾐｷﾁｮｳ', 'ｱｻｸﾗ', '香川県', '木田郡三木町', '朝倉', 0, 0, 0, 0, 0, 0),
(37341, '76107', 7610701, 'ｶｶﾞﾜｹﾝ', 'ｷﾀｸﾞﾝﾐｷﾁｮｳ', 'ｲｹﾉﾍﾞ', '香川県', '木田郡三木町', '池戸', 0, 0, 0, 0, 0, 0),
(37341, '76923', 7610823, 'ｶｶﾞﾜｹﾝ', 'ｷﾀｸﾞﾝﾐｷﾁｮｳ', 'ｲﾄﾞ', '香川県', '木田郡三木町', '井戸', 1, 1, 0, 0, 0, 0),
(37341, '76107', 7610705, 'ｶｶﾞﾜｹﾝ', 'ｷﾀｸﾞﾝﾐｷﾁｮｳ', 'ｲﾉｳｴ', '香川県', '木田郡三木町', '井上', 0, 0, 0, 0, 0, 0),
(37341, '76108', 7610822, 'ｶｶﾞﾜｹﾝ', 'ｷﾀｸﾞﾝﾐｷﾁｮｳ', 'ｵｸﾔﾏ', '香川県', '木田郡三木町', '奥山', 0, 0, 0, 0, 0, 0),
(37341, '76108', 7610821, 'ｶｶﾞﾜｹﾝ', 'ｷﾀｸﾞﾝﾐｷﾁｮｳ', 'ｶﾆﾜ', '香川県', '木田郡三木町', '鹿庭', 0, 0, 0, 0, 0, 0),
(37341, '76106', 7610613, 'ｶｶﾞﾜｹﾝ', 'ｷﾀｸﾞﾝﾐｷﾁｮｳ', 'ｶﾐﾀｶｵｶ', '香川県', '木田郡三木町', '上高岡', 0, 0, 0, 0, 0, 0),
(37341, '76106', 7610615, 'ｶｶﾞﾜｹﾝ', 'ｷﾀｸﾞﾝﾐｷﾁｮｳ', 'ｺﾐﾉ', '香川県', '木田郡三木町', '小蓑', 0, 0, 0, 0, 0, 0),
(37341, '76107', 7610703, 'ｶｶﾞﾜｹﾝ', 'ｷﾀｸﾞﾝﾐｷﾁｮｳ', 'ｼｼﾌﾞｾ', '香川県', '木田郡三木町', '鹿伏', 0, 0, 0, 0, 0, 0),
(37341, '76107', 7610704, 'ｶｶﾞﾜｹﾝ', 'ｷﾀｸﾞﾝﾐｷﾁｮｳ', 'ｼﾓﾀｶｵｶ', '香川県', '木田郡三木町', '下高岡', 0, 0, 0, 0, 0, 0),
(37341, '76106', 7610611, 'ｶｶﾞﾜｹﾝ', 'ｷﾀｸﾞﾝﾐｷﾁｮｳ', 'ﾀﾅｶ', '香川県', '木田郡三木町', '田中', 0, 0, 0, 0, 0, 0),
(37341, '76106', 7610612, 'ｶｶﾞﾜｹﾝ', 'ｷﾀｸﾞﾝﾐｷﾁｮｳ', 'ﾋｶﾐ', '香川県', '木田郡三木町', '氷上', 0, 0, 0, 0, 0, 0),
(37341, '76107', 7610702, 'ｶｶﾞﾜｹﾝ', 'ｷﾀｸﾞﾝﾐｷﾁｮｳ', 'ﾋﾗｷﾞ', '香川県', '木田郡三木町', '平木', 0, 0, 0, 0, 0, 0),
(37364, '76131', 7613110, 'ｶｶﾞﾜｹﾝ', 'ｶｶﾞﾜｸﾞﾝﾅｵｼﾏﾁｮｳ', 'ﾅｵｼﾏﾁｮｳｲﾁｴﾝ', '香川県', '香川郡直島町', '直島町一円', 0, 0, 0, 0, 0, 0),
(37386, '76902', 7690200, 'ｶｶﾞﾜｹﾝ', 'ｱﾔｳﾀｸﾞﾝｳﾀﾂﾞﾁｮｳ', 'ｲｶﾆｹｲｻｲｶﾞﾅｲﾊﾞｱｲ', '香川県', '綾歌郡宇多津町', '以下に掲載がない場合', 0, 0, 0, 0, 0, 0),
(37386, '76902', 7690210, 'ｶｶﾞﾜｹﾝ', 'ｱﾔｳﾀｸﾞﾝｳﾀﾂﾞﾁｮｳ', 'ｳﾀﾂﾞﾁｮｳﾉﾂｷﾞﾆﾊﾞﾝﾁｶﾞｸﾙﾊﾞｱｲ', '香川県', '綾歌郡宇多津町', '宇多津町の次に番地がくる場合', 0, 0, 0, 0, 0, 0),
(37386, '76902', 7690227, 'ｶｶﾞﾜｹﾝ', 'ｱﾔｳﾀｸﾞﾝｳﾀﾂﾞﾁｮｳ', 'ｲﾜﾔ', '香川県', '綾歌郡宇多津町', '岩屋', 0, 0, 0, 0, 0, 0),
(37386, '76902', 7690222, 'ｶｶﾞﾜｹﾝ', 'ｱﾔｳﾀｸﾞﾝｳﾀﾂﾞﾁｮｳ', 'ｵｵﾊｼ', '香川県', '綾歌郡宇多津町', '大橋', 0, 0, 0, 0, 0, 0),
(37386, '76902', 7690226, 'ｶｶﾞﾜｹﾝ', 'ｱﾔｳﾀｸﾞﾝｳﾀﾂﾞﾁｮｳ', 'ｻｶｼﾀ', '香川県', '綾歌郡宇多津町', '坂下', 0, 0, 0, 0, 0, 0),
(37386, '76902', 7690223, 'ｶｶﾞﾜｹﾝ', 'ｱﾔｳﾀｸﾞﾝｳﾀﾂﾞﾁｮｳ', 'ｼﾝｶﾞｲ', '香川県', '綾歌郡宇多津町', '新開', 0, 0, 0, 0, 0, 0),
(37386, '76902', 7690225, 'ｶｶﾞﾜｹﾝ', 'ｱﾔｳﾀｸﾞﾝｳﾀﾂﾞﾁｮｳ', 'ｼﾝﾏﾁ', '香川県', '綾歌郡宇多津町', '新町', 0, 0, 0, 0, 0, 0),
(37386, '76902', 7690211, 'ｶｶﾞﾜｹﾝ', 'ｱﾔｳﾀｸﾞﾝｳﾀﾂﾞﾁｮｳ', 'ｼﾞｭｳﾗｸｼﾞ', '香川県', '綾歌郡宇多津町', '十楽寺', 0, 0, 0, 0, 0, 0),
(37386, '76902', 7690212, 'ｶｶﾞﾜｹﾝ', 'ｱﾔｳﾀｸﾞﾝｳﾀﾂﾞﾁｮｳ', 'ﾇﾏﾉｲｹ', '香川県', '綾歌郡宇多津町', '沼ノ池', 0, 0, 0, 0, 0, 0),
(37386, '76902', 7690201, 'ｶｶﾞﾜｹﾝ', 'ｱﾔｳﾀｸﾞﾝｳﾀﾂﾞﾁｮｳ', 'ﾊﾏ1ﾊﾞﾝﾁｮｳ', '香川県', '綾歌郡宇多津町', '浜一番丁', 0, 0, 0, 0, 0, 0),
(37386, '76902', 7690202, 'ｶｶﾞﾜｹﾝ', 'ｱﾔｳﾀｸﾞﾝｳﾀﾂﾞﾁｮｳ', 'ﾊﾏ2ﾊﾞﾝﾁｮｳ', '香川県', '綾歌郡宇多津町', '浜二番丁', 0, 0, 0, 0, 0, 0),
(37386, '76902', 7690203, 'ｶｶﾞﾜｹﾝ', 'ｱﾔｳﾀｸﾞﾝｳﾀﾂﾞﾁｮｳ', 'ﾊﾏ3ﾊﾞﾝﾁｮｳ', '香川県', '綾歌郡宇多津町', '浜三番丁', 0, 0, 0, 0, 0, 0),
(37386, '76902', 7690204, 'ｶｶﾞﾜｹﾝ', 'ｱﾔｳﾀｸﾞﾝｳﾀﾂﾞﾁｮｳ', 'ﾊﾏ4ﾊﾞﾝﾁｮｳ', '香川県', '綾歌郡宇多津町', '浜四番丁', 0, 0, 0, 0, 0, 0),
(37386, '76902', 7690205, 'ｶｶﾞﾜｹﾝ', 'ｱﾔｳﾀｸﾞﾝｳﾀﾂﾞﾁｮｳ', 'ﾊﾏ5ﾊﾞﾝﾁｮｳ', '香川県', '綾歌郡宇多津町', '浜五番丁', 0, 0, 0, 0, 0, 0),
(37386, '76902', 7690206, 'ｶｶﾞﾜｹﾝ', 'ｱﾔｳﾀｸﾞﾝｳﾀﾂﾞﾁｮｳ', 'ﾊﾏ6ﾊﾞﾝﾁｮｳ', '香川県', '綾歌郡宇多津町', '浜六番丁', 0, 0, 0, 0, 0, 0),
(37386, '76902', 7690207, 'ｶｶﾞﾜｹﾝ', 'ｱﾔｳﾀｸﾞﾝｳﾀﾂﾞﾁｮｳ', 'ﾊﾏ7ﾊﾞﾝﾁｮｳ', '香川県', '綾歌郡宇多津町', '浜七番丁', 0, 0, 0, 0, 0, 0),
(37386, '76902', 7690208, 'ｶｶﾞﾜｹﾝ', 'ｱﾔｳﾀｸﾞﾝｳﾀﾂﾞﾁｮｳ', 'ﾊﾏ8ﾊﾞﾝﾁｮｳ', '香川県', '綾歌郡宇多津町', '浜八番丁', 0, 0, 0, 0, 0, 0),
(37386, '76902', 7690209, 'ｶｶﾞﾜｹﾝ', 'ｱﾔｳﾀｸﾞﾝｳﾀﾂﾞﾁｮｳ', 'ﾊﾏ9ﾊﾞﾝﾁｮｳ', '香川県', '綾歌郡宇多津町', '浜九番丁', 0, 0, 0, 0, 0, 0),
(37386, '76902', 7690213, 'ｶｶﾞﾜｹﾝ', 'ｱﾔｳﾀｸﾞﾝｳﾀﾂﾞﾁｮｳ', 'ﾋｶﾞｼﾌﾞﾝ', '香川県', '綾歌郡宇多津町', '東分', 0, 0, 0, 0, 0, 0),
(37386, '76902', 7690224, 'ｶｶﾞﾜｹﾝ', 'ｱﾔｳﾀｸﾞﾝｳﾀﾂﾞﾁｮｳ', 'ﾋﾗﾔﾏ', '香川県', '綾歌郡宇多津町', '平山', 0, 0, 0, 0, 0, 0),
(37386, '76902', 7690228, 'ｶｶﾞﾜｹﾝ', 'ｱﾔｳﾀｸﾞﾝｳﾀﾂﾞﾁｮｳ', 'ﾑｶｳﾔﾏ', '香川県', '綾歌郡宇多津町', '向山', 0, 0, 0, 0, 0, 0),
(37386, '76902', 7690221, 'ｶｶﾞﾜｹﾝ', 'ｱﾔｳﾀｸﾞﾝｳﾀﾂﾞﾁｮｳ', 'ﾖｼﾀﾞ', '香川県', '綾歌郡宇多津町', '吉田', 0, 0, 0, 0, 0, 0),
(37387, '76123', 7612300, 'ｶｶﾞﾜｹﾝ', 'ｱﾔｳﾀｸﾞﾝｱﾔｶﾞﾜﾁｮｳ', 'ｲｶﾆｹｲｻｲｶﾞﾅｲﾊﾞｱｲ', '香川県', '綾歌郡綾川町', '以下に掲載がない場合', 0, 0, 0, 0, 0, 0),
(37387, '76122', 7612208, 'ｶｶﾞﾜｹﾝ', 'ｱﾔｳﾀｸﾞﾝｱﾔｶﾞﾜﾁｮｳ', 'ｳｼｶﾜ', '香川県', '綾歌郡綾川町', '牛川', 0, 0, 0, 0, 0, 0),
(37387, '76123', 7612307, 'ｶｶﾞﾜｹﾝ', 'ｱﾔｳﾀｸﾞﾝｱﾔｶﾞﾜﾁｮｳ', 'ｵﾉ', '香川県', '綾歌郡綾川町', '小野', 0, 0, 0, 0, 0, 0),
(37387, '76123', 7612304, 'ｶｶﾞﾜｹﾝ', 'ｱﾔｳﾀｸﾞﾝｱﾔｶﾞﾜﾁｮｳ', 'ｶﾔﾊﾗ', '香川県', '綾歌郡綾川町', '萱原', 0, 0, 0, 0, 0, 0),
(37387, '76123', 7612306, 'ｶｶﾞﾜｹﾝ', 'ｱﾔｳﾀｸﾞﾝｱﾔｶﾞﾜﾁｮｳ', 'ｷﾀ', '香川県', '綾歌郡綾川町', '北', 0, 0, 0, 0, 0, 0),
(37387, '76121', 7612103, 'ｶｶﾞﾜｹﾝ', 'ｱﾔｳﾀｸﾞﾝｱﾔｶﾞﾜﾁｮｳ', 'ｽｴ', '香川県', '綾歌郡綾川町', '陶', 0, 0, 0, 0, 0, 0),
(37387, '76121', 7612102, 'ｶｶﾞﾜｹﾝ', 'ｱﾔｳﾀｸﾞﾝｱﾔｶﾞﾜﾁｮｳ', 'ｾﾝﾋﾞｷ', '香川県', '綾歌郡綾川町', '千疋', 0, 0, 0, 0, 0, 0),
(37387, '76122', 7612202, 'ｶｶﾞﾜｹﾝ', 'ｱﾔｳﾀｸﾞﾝｱﾔｶﾞﾜﾁｮｳ', 'ｿｷﾞｼｮﾆｼ', '香川県', '綾歌郡綾川町', '枌所西', 0, 0, 0, 0, 0, 0),
(37387, '76122', 7612201, 'ｶｶﾞﾜｹﾝ', 'ｱﾔｳﾀｸﾞﾝｱﾔｶﾞﾜﾁｮｳ', 'ｿｷﾞｼｮﾋｶﾞｼ', '香川県', '綾歌郡綾川町', '枌所東', 0, 0, 0, 0, 0, 0),
(37387, '76123', 7612305, 'ｶｶﾞﾜｹﾝ', 'ｱﾔｳﾀｸﾞﾝｱﾔｶﾞﾜﾁｮｳ', 'ﾀｷﾉﾐﾔ', '香川県', '綾歌郡綾川町', '滝宮', 0, 0, 0, 0, 0, 0),
(37387, '76122', 7612206, 'ｶｶﾞﾜｹﾝ', 'ｱﾔｳﾀｸﾞﾝｱﾔｶﾞﾜﾁｮｳ', 'ﾆｼﾌﾞﾝ', '香川県', '綾歌郡綾川町', '西分', 0, 0, 0, 0, 0, 0),
(37387, '76121', 7612101, 'ｶｶﾞﾜｹﾝ', 'ｱﾔｳﾀｸﾞﾝｱﾔｶﾞﾜﾁｮｳ', 'ﾊﾀﾀﾞ', '香川県', '綾歌郡綾川町', '畑田', 0, 0, 0, 0, 0, 0),
(37387, '76122', 7612207, 'ｶｶﾞﾜｹﾝ', 'ｱﾔｳﾀｸﾞﾝｱﾔｶﾞﾜﾁｮｳ', 'ﾊﾕｶｶﾐ', '香川県', '綾歌郡綾川町', '羽床上', 0, 0, 0, 0, 0, 0),
(37387, '76123', 7612308, 'ｶｶﾞﾜｹﾝ', 'ｱﾔｳﾀｸﾞﾝｱﾔｶﾞﾜﾁｮｳ', 'ﾊﾕｶｼﾓ', '香川県', '綾歌郡綾川町', '羽床下', 0, 0, 0, 0, 0, 0),
(37387, '76122', 7612205, 'ｶｶﾞﾜｹﾝ', 'ｱﾔｳﾀｸﾞﾝｱﾔｶﾞﾜﾁｮｳ', 'ﾋｶﾞｼﾌﾞﾝ', '香川県', '綾歌郡綾川町', '東分', 0, 0, 0, 0, 0, 0),
(37387, '76122', 7612203, 'ｶｶﾞﾜｹﾝ', 'ｱﾔｳﾀｸﾞﾝｱﾔｶﾞﾜﾁｮｳ', 'ﾔﾏﾀﾞｶﾐ', '香川県', '綾歌郡綾川町', '山田上', 0, 0, 0, 0, 0, 0),
(37387, '76122', 7612204, 'ｶｶﾞﾜｹﾝ', 'ｱﾔｳﾀｸﾞﾝｱﾔｶﾞﾜﾁｮｳ', 'ﾔﾏﾀﾞｼﾓ', '香川県', '綾歌郡綾川町', '山田下', 0, 0, 0, 0, 0, 0),
(37403, '766  ', 7660000, 'ｶｶﾞﾜｹﾝ', 'ﾅｶﾀﾄﾞｸﾞﾝｺﾄﾋﾗﾁｮｳ', 'ｲｶﾆｹｲｻｲｶﾞﾅｲﾊﾞｱｲ', '香川県', '仲多度郡琴平町', '以下に掲載がない場合', 0, 0, 0, 1, 0, 0),
(37403, '766  ', 7660004, 'ｶｶﾞﾜｹﾝ', 'ﾅｶﾀﾄﾞｸﾞﾝｺﾄﾋﾗﾁｮｳ', 'ｴﾅｲ', '香川県', '仲多度郡琴平町', '榎井', 0, 0, 0, 0, 0, 0),
(37403, '766  ', 7660006, 'ｶｶﾞﾜｹﾝ', 'ﾅｶﾀﾄﾞｸﾞﾝｺﾄﾋﾗﾁｮｳ', 'ｶﾐｸｼﾅｼ', '香川県', '仲多度郡琴平町', '上櫛梨', 0, 0, 0, 0, 0, 0),
(37403, '766  ', 7660002, 'ｶｶﾞﾜｹﾝ', 'ﾅｶﾀﾄﾞｸﾞﾝｺﾄﾋﾗﾁｮｳ', 'ｺﾄﾋﾗﾁｮｳ(1-426ﾊﾞﾝﾁ､ｶﾜﾋｶﾞｼ)', '香川県', '仲多度郡琴平町', '琴平町（１〜４２６番地、川東）', 1, 0, 0, 0, 0, 0),
(37403, '766  ', 7660001, 'ｶｶﾞﾜｹﾝ', 'ﾅｶﾀﾄﾞｸﾞﾝｺﾄﾋﾗﾁｮｳ', 'ｺﾄﾋﾗﾁｮｳ(427ﾊﾞﾝﾁｲｼﾞｮｳ､ｶﾜﾆｼ)', '香川県', '仲多度郡琴平町', '琴平町（４２７番地以上、川西）', 1, 0, 0, 0, 0, 0),
(37403, '766  ', 7660003, 'ｶｶﾞﾜｹﾝ', 'ﾅｶﾀﾄﾞｸﾞﾝｺﾄﾋﾗﾁｮｳ', 'ｺﾞｼﾞｮｳ', '香川県', '仲多度郡琴平町', '五條', 0, 0, 0, 0, 0, 0),
(37403, '766  ', 7660007, 'ｶｶﾞﾜｹﾝ', 'ﾅｶﾀﾄﾞｸﾞﾝｺﾄﾋﾗﾁｮｳ', 'ｼﾓｸｼﾅｼ', '香川県', '仲多度郡琴平町', '下櫛梨', 0, 0, 0, 0, 0, 0),
(37403, '766  ', 7660005, 'ｶｶﾞﾜｹﾝ', 'ﾅｶﾀﾄﾞｸﾞﾝｺﾄﾋﾗﾁｮｳ', 'ﾉｳﾀﾞ', '香川県', '仲多度郡琴平町', '苗田', 0, 0, 0, 0, 0, 0),
(37404, '764  ', 7640000, 'ｶｶﾞﾜｹﾝ', 'ﾅｶﾀﾄﾞｸﾞﾝﾀﾄﾞﾂﾁｮｳ', 'ｲｶﾆｹｲｻｲｶﾞﾅｲﾊﾞｱｲ', '香川県', '仲多度郡多度津町', '以下に掲載がない場合', 0, 0, 0, 0, 0, 0),
(37404, '764  ', 7640033, 'ｶｶﾞﾜｹﾝ', 'ﾅｶﾀﾄﾞｸﾞﾝﾀﾄﾞﾂﾁｮｳ', 'ｵｵｷﾞ', '香川県', '仲多度郡多度津町', '青木', 0, 0, 0, 0, 0, 0),
(37404, '764  ', 7640005, 'ｶｶﾞﾜｹﾝ', 'ﾅｶﾀﾄﾞｸﾞﾝﾀﾄﾞﾂﾁｮｳ', 'ｵｵﾄﾞｵﾘ', '香川県', '仲多度郡多度津町', '大通り', 0, 0, 0, 0, 0, 0),
(37404, '764  ', 7640035, 'ｶｶﾞﾜｹﾝ', 'ﾅｶﾀﾄﾞｸﾞﾝﾀﾄﾞﾂﾁｮｳ', 'ｵｸｼﾗｶﾀ', '香川県', '仲多度郡多度津町', '奥白方', 0, 0, 0, 0, 0, 0),
(37404, '764  ', 7640028, 'ｶｶﾞﾜｹﾝ', 'ﾅｶﾀﾄﾞｸﾞﾝﾀﾄﾞﾂﾁｮｳ', 'ｶｽﾞﾊﾗ', '香川県', '仲多度郡多度津町', '葛原', 0, 0, 0, 0, 0, 0),
(37404, '764  ', 7640002, 'ｶｶﾞﾜｹﾝ', 'ﾅｶﾀﾄﾞｸﾞﾝﾀﾄﾞﾂﾁｮｳ', 'ｶﾁｭｳ', '香川県', '仲多度郡多度津町', '家中', 0, 0, 0, 0, 0, 0),
(37404, '764  ', 7640022, 'ｶｶﾞﾜｹﾝ', 'ﾅｶﾀﾄﾞｸﾞﾝﾀﾄﾞﾂﾁｮｳ', 'ｷﾀｶﾞﾓ', '香川県', '仲多度郡多度津町', '北鴨', 0, 0, 1, 0, 0, 0),
(37404, '764  ', 7640013, 'ｶｶﾞﾜｹﾝ', 'ﾅｶﾀﾄﾞｸﾞﾝﾀﾄﾞﾂﾁｮｳ', 'ｷｮｳﾏﾁ', '香川県', '仲多度郡多度津町', '京町', 0, 0, 0, 0, 0, 0),
(37404, '764  ', 7640025, 'ｶｶﾞﾜｹﾝ', 'ﾅｶﾀﾄﾞｸﾞﾝﾀﾄﾞﾂﾁｮｳ', 'ｺﾄﾌﾞｷﾁｮｳ', '香川県', '仲多度郡多度津町', '寿町', 0, 0, 0, 0, 0, 0),
(37404, '764  ', 7640024, 'ｶｶﾞﾜｹﾝ', 'ﾅｶﾀﾄﾞｸﾞﾝﾀﾄﾞﾂﾁｮｳ', 'ｻｲﾜｲﾁｮｳ', '香川県', '仲多度郡多度津町', '幸町', 0, 0, 0, 0, 0, 0),
(37404, '764  ', 7640011, 'ｶｶﾞﾜｹﾝ', 'ﾅｶﾀﾄﾞｸﾞﾝﾀﾄﾞﾂﾁｮｳ', 'ｻｶｴﾏﾁ', '香川県', '仲多度郡多度津町', '栄町', 0, 0, 1, 0, 0, 0),
(37404, '764  ', 7640012, 'ｶｶﾞﾜｹﾝ', 'ﾅｶﾀﾄﾞｸﾞﾝﾀﾄﾞﾂﾁｮｳ', 'ｻｸﾗｶﾞﾜ', '香川県', '仲多度郡多度津町', '桜川', 0, 0, 1, 0, 0, 0),
(37404, '764  ', 7640040, 'ｶｶﾞﾜｹﾝ', 'ﾅｶﾀﾄﾞｸﾞﾝﾀﾄﾞﾂﾁｮｳ', 'ｻﾅｷﾞ', '香川県', '仲多度郡多度津町', '佐柳', 0, 0, 0, 0, 0, 0),
(37404, '764  ', 7640031, 'ｶｶﾞﾜｹﾝ', 'ﾅｶﾀﾄﾞｸﾞﾝﾀﾄﾞﾂﾁｮｳ', 'ｼｮｳ', '香川県', '仲多度郡多度津町', '庄', 0, 0, 0, 0, 0, 0),
(37404, '764  ', 7640050, 'ｶｶﾞﾜｹﾝ', 'ﾅｶﾀﾄﾞｸﾞﾝﾀﾄﾞﾂﾁｮｳ', 'ﾀｶﾐ', '香川県', '仲多度郡多度津町', '高見', 0, 0, 0, 0, 0, 0),
(37404, '764  ', 7640027, 'ｶｶﾞﾜｹﾝ', 'ﾅｶﾀﾄﾞｸﾞﾝﾀﾄﾞﾂﾁｮｳ', 'ﾄﾞｳﾌｸｼﾞ', '香川県', '仲多度郡多度津町', '道福寺', 0, 0, 0, 0, 0, 0),
(37404, '764  ', 7640004, 'ｶｶﾞﾜｹﾝ', 'ﾅｶﾀﾄﾞｸﾞﾝﾀﾄﾞﾂﾁｮｳ', 'ﾅｶﾉﾁｮｳ', '香川県', '仲多度郡多度津町', '仲ノ町', 0, 0, 0, 0, 0, 0),
(37404, '764  ', 7640037, 'ｶｶﾞﾜｹﾝ', 'ﾅｶﾀﾄﾞｸﾞﾝﾀﾄﾞﾂﾁｮｳ', 'ﾆｼｼﾗｶﾀ', '香川県', '仲多度郡多度津町', '西白方', 0, 0, 0, 0, 0, 0),
(37404, '764  ', 7640015, 'ｶｶﾞﾜｹﾝ', 'ﾅｶﾀﾄﾞｸﾞﾝﾀﾄﾞﾂﾁｮｳ', 'ﾆｼﾊﾏ', '香川県', '仲多度郡多度津町', '西浜', 0, 0, 0, 0, 0, 0),
(37404, '764  ', 7640017, 'ｶｶﾞﾜｹﾝ', 'ﾅｶﾀﾄﾞｸﾞﾝﾀﾄﾞﾂﾁｮｳ', 'ﾆｼﾐﾅﾄﾏﾁ', '香川県', '仲多度郡多度津町', '西港町', 0, 0, 0, 0, 0, 0),
(37404, '764  ', 7640038, 'ｶｶﾞﾜｹﾝ', 'ﾅｶﾀﾄﾞｸﾞﾝﾀﾄﾞﾂﾁｮｳ', 'ﾋｶﾞｼｼﾗｶﾀ', '香川県', '仲多度郡多度津町', '東白方', 0, 0, 0, 0, 0, 0),
(37404, '764  ', 7640001, 'ｶｶﾞﾜｹﾝ', 'ﾅｶﾀﾄﾞｸﾞﾝﾀﾄﾞﾂﾁｮｳ', 'ﾋｶﾞｼｼﾝﾏﾁ', '香川県', '仲多度郡多度津町', '東新町', 0, 0, 0, 0, 0, 0),
(37404, '764  ', 7640016, 'ｶｶﾞﾜｹﾝ', 'ﾅｶﾀﾄﾞｸﾞﾝﾀﾄﾞﾂﾁｮｳ', 'ﾋｶﾞｼﾊﾏ', '香川県', '仲多度郡多度津町', '東浜', 0, 0, 0, 0, 0, 0),
(37404, '764  ', 7640018, 'ｶｶﾞﾜｹﾝ', 'ﾅｶﾀﾄﾞｸﾞﾝﾀﾄﾞﾂﾁｮｳ', 'ﾋｶﾞｼﾐﾅﾄﾏﾁ', '香川県', '仲多度郡多度津町', '東港町', 0, 0, 0, 0, 0, 0),
(37404, '764  ', 7640006, 'ｶｶﾞﾜｹﾝ', 'ﾅｶﾀﾄﾞｸﾞﾝﾀﾄﾞﾂﾁｮｳ', 'ﾋﾉﾃﾞﾁｮｳ', '香川県', '仲多度郡多度津町', '日の出町', 0, 0, 0, 0, 0, 0),
(37404, '764  ', 7640021, 'ｶｶﾞﾜｹﾝ', 'ﾅｶﾀﾄﾞｸﾞﾝﾀﾄﾞﾂﾁｮｳ', 'ﾎﾘｴ', '香川県', '仲多度郡多度津町', '堀江', 0, 0, 1, 0, 0, 0),
(37404, '764  ', 7640014, 'ｶｶﾞﾜｹﾝ', 'ﾅｶﾀﾄﾞｸﾞﾝﾀﾄﾞﾂﾁｮｳ', 'ﾎﾝﾄﾞｵﾘ', '香川県', '仲多度郡多度津町', '本通', 0, 0, 1, 0, 0, 0),
(37404, '764  ', 7640032, 'ｶｶﾞﾜｹﾝ', 'ﾅｶﾀﾄﾞｸﾞﾝﾀﾄﾞﾂﾁｮｳ', 'ﾐｲ', '香川県', '仲多度郡多度津町', '三井', 0, 0, 0, 0, 0, 0),
(37404, '764  ', 7640036, 'ｶｶﾞﾜｹﾝ', 'ﾅｶﾀﾄﾞｸﾞﾝﾀﾄﾞﾂﾁｮｳ', 'ﾐﾀﾁ', '香川県', '仲多度郡多度津町', '見立', 0, 0, 0, 0, 0, 0),
(37404, '764  ', 7640026, 'ｶｶﾞﾜｹﾝ', 'ﾅｶﾀﾄﾞｸﾞﾝﾀﾄﾞﾂﾁｮｳ', 'ﾐﾅﾐｶﾞﾓ', '香川県', '仲多度郡多度津町', '南鴨', 0, 0, 0, 0, 0, 0),
(37404, '764  ', 7640003, 'ｶｶﾞﾜｹﾝ', 'ﾅｶﾀﾄﾞｸﾞﾝﾀﾄﾞﾂﾁｮｳ', 'ﾓﾄﾏﾁ', '香川県', '仲多度郡多度津町', '元町', 0, 0, 0, 0, 0, 0),
(37404, '764  ', 7640034, 'ｶｶﾞﾜｹﾝ', 'ﾅｶﾀﾄﾞｸﾞﾝﾀﾄﾞﾂﾁｮｳ', 'ﾔﾏｼﾅ', '香川県', '仲多度郡多度津町', '山階', 0, 0, 0, 0, 0, 0),
(37404, '764  ', 7640023, 'ｶｶﾞﾜｹﾝ', 'ﾅｶﾀﾄﾞｸﾞﾝﾀﾄﾞﾂﾁｮｳ', 'ﾜｶﾊﾞﾁｮｳ', '香川県', '仲多度郡多度津町', '若葉町', 0, 0, 0, 0, 0, 0),
(37406, '766  ', 7660000, 'ｶｶﾞﾜｹﾝ', 'ﾅｶﾀﾄﾞｸﾞﾝﾏﾝﾉｳﾁｮｳ', 'ｲｶﾆｹｲｻｲｶﾞﾅｲﾊﾞｱｲ', '香川県', '仲多度郡まんのう町', '以下に掲載がない場合', 0, 0, 0, 1, 0, 0),
(37406, '76903', 7690313, 'ｶｶﾞﾜｹﾝ', 'ﾅｶﾀﾄﾞｸﾞﾝﾏﾝﾉｳﾁｮｳ', 'ｲｶﾏ', '香川県', '仲多度郡まんのう町', '生間', 0, 0, 0, 0, 0, 0),
(37406, '76903', 7690315, 'ｶｶﾞﾜｹﾝ', 'ﾅｶﾀﾄﾞｸﾞﾝﾏﾝﾉｳﾁｮｳ', 'ｳｼﾛﾔﾏ', '香川県', '仲多度郡まんのう町', '後山', 0, 0, 0, 0, 0, 0),
(37406, '76903', 7690319, 'ｶｶﾞﾜｹﾝ', 'ﾅｶﾀﾄﾞｸﾞﾝﾏﾝﾉｳﾁｮｳ', 'ｵｲｱｹﾞ', '香川県', '仲多度郡まんのう町', '追上', 0, 0, 0, 0, 0, 0),
(37406, '76903', 7690316, 'ｶｶﾞﾜｹﾝ', 'ﾅｶﾀﾄﾞｸﾞﾝﾏﾝﾉｳﾁｮｳ', 'ｵｵｸﾁ', '香川県', '仲多度郡まんのう町', '大口', 0, 0, 0, 0, 0, 0),
(37406, '76903', 7690311, 'ｶｶﾞﾜｹﾝ', 'ﾅｶﾀﾄﾞｸﾞﾝﾏﾝﾉｳﾁｮｳ', 'ｶｲﾀ', '香川県', '仲多度郡まんのう町', '買田', 0, 0, 0, 0, 0, 0),
(37406, '76602', 7660204, 'ｶｶﾞﾜｹﾝ', 'ﾅｶﾀﾄﾞｸﾞﾝﾏﾝﾉｳﾁｮｳ', 'ｶﾂｳﾗ', '香川県', '仲多度郡まんのう町', '勝浦', 0, 0, 0, 0, 0, 0),
(37406, '76602', 7660203, 'ｶｶﾞﾜｹﾝ', 'ﾅｶﾀﾄﾞｸﾞﾝﾏﾝﾉｳﾁｮｳ', 'ｶﾜﾋｶﾞｼ', '香川県', '仲多度郡まんのう町', '川東', 0, 0, 0, 0, 0, 0),
(37406, '766  ', 7660024, 'ｶｶﾞﾜｹﾝ', 'ﾅｶﾀﾄﾞｸﾞﾝﾏﾝﾉｳﾁｮｳ', 'ｶﾝﾉ', '香川県', '仲多度郡まんのう町', '神野', 0, 0, 0, 0, 0, 0),
(37406, '766  ', 7660026, 'ｶｶﾞﾜｹﾝ', 'ﾅｶﾀﾄﾞｸﾞﾝﾏﾝﾉｳﾁｮｳ', 'ｷｼﾉｳｴ', '香川県', '仲多度郡まんのう町', '岸上', 0, 0, 0, 0, 0, 0),
(37406, '766  ', 7660011, 'ｶｶﾞﾜｹﾝ', 'ﾅｶﾀﾄﾞｸﾞﾝﾏﾝﾉｳﾁｮｳ', 'ｸﾓﾝ', '香川県', '仲多度郡まんのう町', '公文', 0, 0, 0, 0, 0, 0),
(37406, '766  ', 7660027, 'ｶｶﾞﾜｹﾝ', 'ﾅｶﾀﾄﾞｸﾞﾝﾏﾝﾉｳﾁｮｳ', 'ｺﾞｼﾞｮｳ', '香川県', '仲多度郡まんのう町', '五條', 0, 0, 0, 0, 0, 0),
(37406, '76903', 7690301, 'ｶｶﾞﾜｹﾝ', 'ﾅｶﾀﾄﾞｸﾞﾝﾏﾝﾉｳﾁｮｳ', 'ｻﾌﾞﾐ', '香川県', '仲多度郡まんのう町', '佐文', 0, 0, 0, 0, 0, 0),
(37406, '76903', 7690302, 'ｶｶﾞﾜｹﾝ', 'ﾅｶﾀﾄﾞｸﾞﾝﾏﾝﾉｳﾁｮｳ', 'ｼｵｲﾘ', '香川県', '仲多度郡まんのう町', '塩入', 0, 0, 0, 0, 0, 0),
(37406, '766  ', 7660021, 'ｶｶﾞﾜｹﾝ', 'ﾅｶﾀﾄﾞｸﾞﾝﾏﾝﾉｳﾁｮｳ', 'ｼｼﾞｮｳ', '香川県', '仲多度郡まんのう町', '四條', 0, 0, 0, 0, 0, 0),
(37406, '76903', 7690303, 'ｶｶﾞﾜｹﾝ', 'ﾅｶﾀﾄﾞｸﾞﾝﾏﾝﾉｳﾁｮｳ', 'ｼﾁｶ', '香川県', '仲多度郡まんのう町', '七箇', 0, 0, 0, 0, 0, 0),
(37406, '76903', 7690317, 'ｶｶﾞﾜｹﾝ', 'ﾅｶﾀﾄﾞｸﾞﾝﾏﾝﾉｳﾁｮｳ', 'ｼﾝﾒ', '香川県', '仲多度郡まんのう町', '新目', 0, 0, 0, 0, 0, 0),
(37406, '766  ', 7660017, 'ｶｶﾞﾜｹﾝ', 'ﾅｶﾀﾄﾞｸﾞﾝﾏﾝﾉｳﾁｮｳ', 'ｽﾐｼｮﾆｼ', '香川県', '仲多度郡まんのう町', '炭所西', 0, 0, 0, 0, 0, 0),
(37406, '766  ', 7660016, 'ｶｶﾞﾜｹﾝ', 'ﾅｶﾀﾄﾞｸﾞﾝﾏﾝﾉｳﾁｮｳ', 'ｽﾐｼｮﾋｶﾞｼ', '香川県', '仲多度郡まんのう町', '炭所東', 0, 0, 0, 0, 0, 0),
(37406, '76602', 7660201, 'ｶｶﾞﾜｹﾝ', 'ﾅｶﾀﾄﾞｸﾞﾝﾏﾝﾉｳﾁｮｳ', 'ｿｳﾀﾞ', '香川県', '仲多度郡まんのう町', '造田', 0, 0, 0, 0, 0, 0),
(37406, '766  ', 7660015, 'ｶｶﾞﾜｹﾝ', 'ﾅｶﾀﾄﾞｸﾞﾝﾏﾝﾉｳﾁｮｳ', 'ﾅｶﾞｵ', '香川県', '仲多度郡まんのう町', '長尾', 0, 0, 0, 0, 0, 0),
(37406, '76602', 7660202, 'ｶｶﾞﾜｹﾝ', 'ﾅｶﾀﾄﾞｸﾞﾝﾏﾝﾉｳﾁｮｳ', 'ﾅｶﾄ', '香川県', '仲多度郡まんのう町', '中通', 0, 0, 0, 0, 0, 0),
(37406, '766  ', 7660012, 'ｶｶﾞﾜｹﾝ', 'ﾅｶﾀﾄﾞｸﾞﾝﾏﾝﾉｳﾁｮｳ', 'ﾆｼﾀｶｼﾉ', '香川県', '仲多度郡まんのう町', '西高篠', 0, 0, 0, 0, 0, 0),
(37406, '766  ', 7660014, 'ｶｶﾞﾜｹﾝ', 'ﾅｶﾀﾄﾞｸﾞﾝﾏﾝﾉｳﾁｮｳ', 'ﾊｻﾞﾏ', '香川県', '仲多度郡まんのう町', '羽間', 0, 0, 0, 0, 0, 0),
(37406, '766  ', 7660013, 'ｶｶﾞﾜｹﾝ', 'ﾅｶﾀﾄﾞｸﾞﾝﾏﾝﾉｳﾁｮｳ', 'ﾋｶﾞｼﾀｶｼﾉ', '香川県', '仲多度郡まんのう町', '東高篠', 0, 0, 0, 0, 0, 0),
(37406, '76903', 7690314, 'ｶｶﾞﾜｹﾝ', 'ﾅｶﾀﾄﾞｸﾞﾝﾏﾝﾉｳﾁｮｳ', 'ﾎﾉﾔﾏ', '香川県', '仲多度郡まんのう町', '帆山', 0, 0, 0, 0, 0, 0),
(37406, '766  ', 7660025, 'ｶｶﾞﾜｹﾝ', 'ﾅｶﾀﾄﾞｸﾞﾝﾏﾝﾉｳﾁｮｳ', 'ﾏﾉ', '香川県', '仲多度郡まんのう町', '真野', 0, 0, 0, 0, 0, 0),
(37406, '76903', 7690312, 'ｶｶﾞﾜｹﾝ', 'ﾅｶﾀﾄﾞｸﾞﾝﾏﾝﾉｳﾁｮｳ', 'ﾐﾔﾀﾞ', '香川県', '仲多度郡まんのう町', '宮田', 0, 0, 0, 0, 0, 0),
(37406, '76903', 7690318, 'ｶｶﾞﾜｹﾝ', 'ﾅｶﾀﾄﾞｸﾞﾝﾏﾝﾉｳﾁｮｳ', 'ﾔﾏﾜｷ', '香川県', '仲多度郡まんのう町', '山脇', 0, 0, 0, 0, 0, 0),
(37406, '766  ', 7660023, 'ｶｶﾞﾜｹﾝ', 'ﾅｶﾀﾄﾞｸﾞﾝﾏﾝﾉｳﾁｮｳ', 'ﾖｼﾉ', '香川県', '仲多度郡まんのう町', '吉野', 0, 0, 0, 0, 0, 0),
(37406, '766  ', 7660022, 'ｶｶﾞﾜｹﾝ', 'ﾅｶﾀﾄﾞｸﾞﾝﾏﾝﾉｳﾁｮｳ', 'ﾖｼﾉｼﾓ', '香川県', '仲多度郡まんのう町', '吉野下', 0, 0, 0, 0, 0, 0);

-- --------------------------------------------------------

--
-- テーブルの構造 `products`
--

CREATE TABLE `products` (
  `product_id` int(11) NOT NULL,
  `product_name` varchar(100) DEFAULT NULL,
  `price` int(11) DEFAULT '0'
) ENGINE=InnoDB DEFAULT CHARSET=utf8;

--
-- テーブルのデータのダンプ `products`
--

INSERT INTO `products` (`product_id`, `product_name`, `price`) VALUES
(1, 'マウスパッド', 100),
(2, 'イヤホン', 2000),
(3, '傘', 500),
(4, 'お茶', 100),
(5, 'サイダー', 100);

-- --------------------------------------------------------

--
-- テーブルの構造 `test_drink_master`
--

CREATE TABLE `test_drink_master` (
  `drink_id` int(11) NOT NULL,
  `drink_name` varchar(100) DEFAULT NULL,
  `price` int(11) DEFAULT '0',
  `img` varchar(100) NOT NULL,
  `create_datetime` datetime DEFAULT NULL
) ENGINE=InnoDB DEFAULT CHARSET=utf8;

--
-- テーブルのデータのダンプ `test_drink_master`
--

INSERT INTO `test_drink_master` (`drink_id`, `drink_name`, `price`, `img`, `create_datetime`) VALUES
(6, 'コヒー', 100, 'f75f0006992ce5261751ca498017366f6bda8963.png', '2021-03-02 20:12:41'),
(7, 'コーラ', 200, '332ec726b9f308551026260506802aa035d46c8a.png', '2021-03-02 20:12:58'),
(8, 'ジュース', 120, '691576869b08b4b79e0dd11c658ee96b63253119.png', '2021-03-02 20:13:21');

-- --------------------------------------------------------

--
-- テーブルの構造 `test_drink_stock`
--

CREATE TABLE `test_drink_stock` (
  `drink_id` int(11) NOT NULL,
  `stock` int(100) NOT NULL,
  `create_datetime` datetime DEFAULT NULL,
  `update_datetime` datetime DEFAULT NULL
) ENGINE=InnoDB DEFAULT CHARSET=utf8;

--
-- テーブルのデータのダンプ `test_drink_stock`
--

INSERT INTO `test_drink_stock` (`drink_id`, `stock`, `create_datetime`, `update_datetime`) VALUES
(6, 50, '2021-03-02 20:12:41', '2021-03-02 20:12:41'),
(7, 100, '2021-03-02 20:12:58', '2021-03-02 20:12:58'),
(8, 150, '2021-03-02 20:13:21', '2021-03-03 12:19:49');

-- --------------------------------------------------------

--
-- テーブルの構造 `test_item_master`
--

CREATE TABLE `test_item_master` (
  `id` int(11) NOT NULL,
  `item_name` varchar(100) NOT NULL,
  `price` int(11) NOT NULL,
  `create_datetime` datetime DEFAULT NULL,
  `update_datetime` datetime DEFAULT NULL
) ENGINE=InnoDB DEFAULT CHARSET=utf8;

-- --------------------------------------------------------

--
-- テーブルの構造 `test_item_stock`
--

CREATE TABLE `test_item_stock` (
  `item_id` int(11) NOT NULL,
  `stock` int(11) NOT NULL,
  `create_datetime` datetime DEFAULT NULL,
  `update_datetime` datetime DEFAULT NULL
) ENGINE=InnoDB DEFAULT CHARSET=utf8;

--
-- テーブルのデータのダンプ `test_item_stock`
--

INSERT INTO `test_item_stock` (`item_id`, `stock`, `create_datetime`, `update_datetime`) VALUES
(1, 100, '2021-03-01 20:23:41', NULL);

-- --------------------------------------------------------

--
-- テーブルの構造 `test_post`
--

CREATE TABLE `test_post` (
  `id` int(11) NOT NULL,
  `user_name` varchar(100) NOT NULL,
  `user_comment` varchar(100) NOT NULL
) ENGINE=InnoDB DEFAULT CHARSET=utf8;

--
-- テーブルのデータのダンプ `test_post`
--

INSERT INTO `test_post` (`id`, `user_name`, `user_comment`) VALUES
(1, '中井', 'コメントを更新します'),
(2, '森', 'こんにちは！'),
(3, '中井', 'コメントを更新します');

-- --------------------------------------------------------

--
-- テーブルの構造 `test_products`
--

CREATE TABLE `test_products` (
  `product_id` int(11) NOT NULL,
  `name` varchar(100) DEFAULT NULL,
  `price` int(11) DEFAULT '0'
) ENGINE=InnoDB DEFAULT CHARSET=utf8;

--
-- テーブルのデータのダンプ `test_products`
--

INSERT INTO `test_products` (`product_id`, `name`, `price`) VALUES
(1, 'マウスパッド', 100),
(2, 'イヤホン', 2000),
(3, '傘', 500),
(4, 'お茶', 100),
(5, 'サイダー', 100);

-- --------------------------------------------------------

--
-- テーブルの構造 `test_upload_img`
--

CREATE TABLE `test_upload_img` (
  `id` int(11) NOT NULL
) ENGINE=InnoDB DEFAULT CHARSET=utf8;

-- --------------------------------------------------------

--
-- テーブルの構造 `user_table`
--

CREATE TABLE `user_table` (
  `user_id` int(11) NOT NULL,
  `user_name` varchar(100) NOT NULL,
  `password` varchar(100) DEFAULT NULL,
  `mail` varchar(100) DEFAULT NULL,
  `sex` int(11) DEFAULT '0',
  `birthday` date DEFAULT NULL,
  `createdate` datetime DEFAULT NULL,
  `updatedate` datetime DEFAULT NULL
) ENGINE=InnoDB DEFAULT CHARSET=utf8;

--
-- テーブルのデータのダンプ `user_table`
--

INSERT INTO `user_table` (`user_id`, `user_name`, `password`, `mail`, `sex`, `birthday`, `createdate`, `updatedate`) VALUES
(0, 'admin', 'admin', NULL, 0, NULL, NULL, NULL),
(1, 'wwt1992', 'a4265778a', 'qq48633850@yahoo.co.jp', 1, '1900-01-01', '2021-03-24 20:45:06', '2021-03-24 20:45:06'),
(2, 'tagomori99', 'tagomori99', 'tagomori@tagomori.com', 1, '1992-02-26', '2021-03-29 19:24:57', '2021-03-29 19:24:57'),
(4, 'egoist92', 'a4265778a', 'qq48633850@yahoo.co.jp', 1, '1992-02-26', '2021-04-02 22:25:31', '2021-04-02 22:25:31'),
(5, 'test001', 'test001', 'qq48633850@yahoo.co.jp', 1, '1992-02-26', '2021-04-02 23:06:42', '2021-04-02 23:06:42'),
(6, 'tagomori88', 'tagomori88', 'tagomori@satoshi.com', 1, '1992-02-26', '2021-04-04 10:35:00', '2021-04-04 10:35:00');

--
-- Indexes for dumped tables
--

--
-- Indexes for table `carts`
--
ALTER TABLE `carts`
  ADD PRIMARY KEY (`carts_id`);

--
-- Indexes for table `customers`
--
ALTER TABLE `customers`
  ADD PRIMARY KEY (`customer_id`);

--
-- Indexes for table `drink_history`
--
ALTER TABLE `drink_history`
  ADD PRIMARY KEY (`history_id`);

--
-- Indexes for table `drink_master`
--
ALTER TABLE `drink_master`
  ADD PRIMARY KEY (`drink_id`);

--
-- Indexes for table `drink_stock`
--
ALTER TABLE `drink_stock`
  ADD PRIMARY KEY (`drink_id`);

--
-- Indexes for table `items`
--
ALTER TABLE `items`
  ADD PRIMARY KEY (`id`);

--
-- Indexes for table `items_stock`
--
ALTER TABLE `items_stock`
  ADD PRIMARY KEY (`stock_id`);

--
-- Indexes for table `orders`
--
ALTER TABLE `orders`
  ADD PRIMARY KEY (`order_id`);

--
-- Indexes for table `post`
--
ALTER TABLE `post`
  ADD PRIMARY KEY (`id`);

--
-- Indexes for table `products`
--
ALTER TABLE `products`
  ADD PRIMARY KEY (`product_id`);

--
-- Indexes for table `test_drink_master`
--
ALTER TABLE `test_drink_master`
  ADD PRIMARY KEY (`drink_id`);

--
-- Indexes for table `test_drink_stock`
--
ALTER TABLE `test_drink_stock`
  ADD PRIMARY KEY (`drink_id`);

--
-- Indexes for table `test_item_master`
--
ALTER TABLE `test_item_master`
  ADD PRIMARY KEY (`id`);

--
-- Indexes for table `test_item_stock`
--
ALTER TABLE `test_item_stock`
  ADD PRIMARY KEY (`item_id`);

--
-- Indexes for table `test_post`
--
ALTER TABLE `test_post`
  ADD PRIMARY KEY (`id`);

--
-- Indexes for table `test_products`
--
ALTER TABLE `test_products`
  ADD PRIMARY KEY (`product_id`);

--
-- Indexes for table `test_upload_img`
--
ALTER TABLE `test_upload_img`
  ADD PRIMARY KEY (`id`);

--
-- Indexes for table `user_table`
--
ALTER TABLE `user_table`
  ADD PRIMARY KEY (`user_id`),
  ADD UNIQUE KEY `user_name` (`user_name`);

--
-- AUTO_INCREMENT for dumped tables
--

--
-- AUTO_INCREMENT for table `carts`
--
ALTER TABLE `carts`
  MODIFY `carts_id` int(11) NOT NULL AUTO_INCREMENT;

--
-- AUTO_INCREMENT for table `customers`
--
ALTER TABLE `customers`
  MODIFY `customer_id` int(11) NOT NULL AUTO_INCREMENT, AUTO_INCREMENT=4;

--
-- AUTO_INCREMENT for table `drink_history`
--
ALTER TABLE `drink_history`
  MODIFY `history_id` int(11) NOT NULL AUTO_INCREMENT, AUTO_INCREMENT=6;

--
-- AUTO_INCREMENT for table `drink_master`
--
ALTER TABLE `drink_master`
  MODIFY `drink_id` int(11) NOT NULL AUTO_INCREMENT, AUTO_INCREMENT=7;

--
-- AUTO_INCREMENT for table `items`
--
ALTER TABLE `items`
  MODIFY `id` int(11) NOT NULL AUTO_INCREMENT, AUTO_INCREMENT=15;

--
-- AUTO_INCREMENT for table `items_stock`
--
ALTER TABLE `items_stock`
  MODIFY `stock_id` int(11) NOT NULL AUTO_INCREMENT, AUTO_INCREMENT=11;

--
-- AUTO_INCREMENT for table `orders`
--
ALTER TABLE `orders`
  MODIFY `order_id` int(11) NOT NULL AUTO_INCREMENT, AUTO_INCREMENT=5;

--
-- AUTO_INCREMENT for table `post`
--
ALTER TABLE `post`
  MODIFY `id` int(11) NOT NULL AUTO_INCREMENT, AUTO_INCREMENT=32;

--
-- AUTO_INCREMENT for table `products`
--
ALTER TABLE `products`
  MODIFY `product_id` int(11) NOT NULL AUTO_INCREMENT, AUTO_INCREMENT=6;

--
-- AUTO_INCREMENT for table `test_drink_master`
--
ALTER TABLE `test_drink_master`
  MODIFY `drink_id` int(11) NOT NULL AUTO_INCREMENT, AUTO_INCREMENT=9;

--
-- AUTO_INCREMENT for table `test_item_master`
--
ALTER TABLE `test_item_master`
  MODIFY `id` int(11) NOT NULL AUTO_INCREMENT;

--
-- AUTO_INCREMENT for table `test_post`
--
ALTER TABLE `test_post`
  MODIFY `id` int(11) NOT NULL AUTO_INCREMENT, AUTO_INCREMENT=4;

--
-- AUTO_INCREMENT for table `test_products`
--
ALTER TABLE `test_products`
  MODIFY `product_id` int(11) NOT NULL AUTO_INCREMENT, AUTO_INCREMENT=6;

--
-- AUTO_INCREMENT for table `test_upload_img`
--
ALTER TABLE `test_upload_img`
  MODIFY `id` int(11) NOT NULL AUTO_INCREMENT;

--
-- AUTO_INCREMENT for table `user_table`
--
ALTER TABLE `user_table`
  MODIFY `user_id` int(11) NOT NULL AUTO_INCREMENT, AUTO_INCREMENT=7;
COMMIT;

/*!40101 SET CHARACTER_SET_CLIENT=@OLD_CHARACTER_SET_CLIENT */;
/*!40101 SET CHARACTER_SET_RESULTS=@OLD_CHARACTER_SET_RESULTS */;
/*!40101 SET COLLATION_CONNECTION=@OLD_COLLATION_CONNECTION */;
